-- =================================================================================
-- INTERNSHIP HELUKABEL 2026 - FULL DATABASE SCRIPT & DATA MOCKUP (SQL SERVER 2022)
-- =================================================================================
USE master;
GO

IF DB_ID('Internship_2026') IS NOT NULL
BEGIN
    ALTER DATABASE [Internship_2026] SET SINGLE_USER WITH ROLLBACK IMMEDIATE;
    DROP DATABASE [Internship_2026];
END
GO

CREATE DATABASE [Internship_2026];
GO

USE [Internship_2026];
GO

-- =================================================================================
-- 1. CREATE TABLES
-- =================================================================================
CREATE TABLE role (
                      role_id INT IDENTITY(1,1) NOT NULL,
                      role_name NVARCHAR(50) NOT NULL,
                      description NVARCHAR(255) NULL,
                      CONSTRAINT PK_role PRIMARY KEY (role_id)
);
GO

CREATE TABLE [user] (
    user_id UNIQUEIDENTIFIER DEFAULT NEWSEQUENTIALID() NOT NULL,
    user_code VARCHAR(50) NOT NULL UNIQUE,
    password VARCHAR(255) NOT NULL,
    full_name NVARCHAR(100) NOT NULL,
    email VARCHAR(100) NULL,
    role_id INT NOT NULL,
    is_active BIT DEFAULT 1 NOT NULL,
    created_at DATETIME2 DEFAULT SYSDATETIME() NOT NULL,
    CONSTRAINT PK_user PRIMARY KEY (user_id),
    CONSTRAINT FK_user_role FOREIGN KEY (role_id) REFERENCES role(role_id)
    );
GO

CREATE TABLE lead_source (
                             source_id VARCHAR(50) NOT NULL,
                             source_name NVARCHAR(100) NOT NULL,
                             CONSTRAINT PK_lead_source PRIMARY KEY (source_id)
);
GO

CREATE TABLE product (
                         product_id VARCHAR(50) NOT NULL,
                         product_name NVARCHAR(100) NOT NULL,
                         CONSTRAINT PK_product PRIMARY KEY (product_id)
);
GO

CREATE TABLE lead (
                      lead_id VARCHAR(50) NOT NULL,
                      created_date DATE NOT NULL,
                      full_name NVARCHAR(100) NOT NULL,
                      account NVARCHAR(150) NOT NULL,
                      industry_type NVARCHAR(100) NOT NULL,
                      customer_group NVARCHAR(50) NOT NULL,
                      customer_role NVARCHAR(50) NOT NULL,
                      location NVARCHAR(100) NOT NULL,
                      region NVARCHAR(50) NOT NULL,
                      status NVARCHAR(50) NOT NULL,
                      cost DECIMAL(18,2) NOT NULL,
                      loss_reason NVARCHAR(100) NULL,
                      business_result DECIMAL(18,2) NULL,
                      product_id VARCHAR(50) NOT NULL,
                      source_id VARCHAR(50) NOT NULL,
                      user_id UNIQUEIDENTIFIER NOT NULL,
                      CONSTRAINT PK_lead PRIMARY KEY (lead_id),
                      CONSTRAINT FK_lead_product FOREIGN KEY (product_id) REFERENCES product(product_id),
                      CONSTRAINT FK_lead_source FOREIGN KEY (source_id) REFERENCES lead_source(source_id),
                      CONSTRAINT FK_lead_user FOREIGN KEY (user_id) REFERENCES [user](user_id)
);
GO

CREATE TABLE lead_status_history (
                                     history_id BIGINT IDENTITY(1,1) NOT NULL,
                                     lead_id VARCHAR(50) NOT NULL,
                                     old_status NVARCHAR(50) NULL,
                                     new_status NVARCHAR(50) NOT NULL,
                                     changed_at DATETIME2 DEFAULT SYSDATETIME() NOT NULL,
                                     changed_by_user_id UNIQUEIDENTIFIER NULL,
                                     note NVARCHAR(255) NULL,
                                     CONSTRAINT PK_lead_status_history PRIMARY KEY (history_id),
                                     CONSTRAINT FK_history_lead FOREIGN KEY (lead_id) REFERENCES lead(lead_id),
                                     CONSTRAINT FK_history_user FOREIGN KEY (changed_by_user_id) REFERENCES [user](user_id)
);
GO

CREATE TABLE activity_log (
                              log_id BIGINT IDENTITY(1,1) NOT NULL,
                              user_id UNIQUEIDENTIFIER NULL,
                              action_type VARCHAR(50) NOT NULL,
                              entity_type VARCHAR(50) NOT NULL,
                              entity_id VARCHAR(50) NULL,
                              description NVARCHAR(MAX) NULL,
                              created_at DATETIME2 DEFAULT SYSDATETIME() NOT NULL,
                              CONSTRAINT PK_activity_log PRIMARY KEY (log_id),
                              CONSTRAINT FK_activity_log_user FOREIGN KEY (user_id) REFERENCES [user](user_id)
);
GO

CREATE TABLE notification (
                              notification_id BIGINT IDENTITY(1,1) NOT NULL,
                              user_id UNIQUEIDENTIFIER NOT NULL,
                              title NVARCHAR(150) NOT NULL,
                              message NVARCHAR(MAX) NOT NULL,
                              is_read BIT DEFAULT 0 NOT NULL,
                              related_link VARCHAR(255) NULL,
                              created_at DATETIME2 DEFAULT SYSDATETIME() NOT NULL,
                              CONSTRAINT PK_notification PRIMARY KEY (notification_id),
                              CONSTRAINT FK_notification_user FOREIGN KEY (user_id) REFERENCES [user](user_id)
);
GO

-- =================================================================================
-- 2. CREATE INDEXES
-- =================================================================================
CREATE NONCLUSTERED INDEX IX_lead_product_id ON lead (product_id);
CREATE NONCLUSTERED INDEX IX_lead_source_id ON lead (source_id);
CREATE NONCLUSTERED INDEX IX_lead_user_id ON lead (user_id);
CREATE NONCLUSTERED INDEX IX_lead_created_date ON lead (created_date);
CREATE NONCLUSTERED INDEX IX_lead_status ON lead (status);
CREATE NONCLUSTERED INDEX IX_lead_analytics_covering ON lead (source_id, region, status) INCLUDE (cost, business_result);
CREATE NONCLUSTERED INDEX IX_status_history_lead_id ON lead_status_history (lead_id);
CREATE NONCLUSTERED INDEX IX_status_history_changed_at ON lead_status_history (changed_at);
CREATE NONCLUSTERED INDEX IX_notification_unread ON notification (user_id, is_read);
CREATE NONCLUSTERED INDEX IX_activity_log_user_date ON activity_log (user_id, created_at);
GO
-- =================================================================================
-- 2. INSERT MOCK DATA (CẬP NHẬT MỚI NHẤT)
-- =================================================================================
USE [Internship_2026];
GO

-- 2.1 INSERT ROLES
INSERT INTO role (role_name, description) VALUES
('Admin', N'Quản trị viên hệ thống'),
('Seller', N'Nhân viên kinh doanh');
GO

-- 2.2 INSERT USERS (ADMIN & SELLERS)
INSERT INTO [user] (user_id, user_code, username, password, full_name, email, role_id, is_active) VALUES
('21cf3ed1-c2eb-410c-8098-bf3020e06991', 'AD001', 'admin', 'hashed_pass_123', N'Administrator', 'admin@helukabel.vn', 1, 1),
('d3e4851b-02e7-4bc3-86d8-cbd82d96c2e5', 'NV001', 'seller_thanh_0', 'hashed_pass_123', N'Vo Duc Thanh', 'seller_thanh_0@helukabel.vn', 2, 1),
('f3f1ab23-29da-4ea3-8377-befc37b314f1', 'NV002', 'seller_huong_1', 'hashed_pass_123', N'Nguyen Thi Thu Huong', 'seller_huong_1@helukabel.vn', 2, 1),
('45f0d7fa-7580-4d9e-98e2-495aa86f75c9', 'NV003', 'seller_minh_2', 'hashed_pass_123', N'Tran Quoc Minh', 'seller_minh_2@helukabel.vn', 2, 1),
('655612cb-fc04-4fa8-a2de-87a6a55d30c7', 'NV004', 'seller_lan_3', 'hashed_pass_123', N'Pham Thi Ngoc Lan', 'seller_lan_3@helukabel.vn', 2, 1),
('f1460724-4d7f-4796-bca7-50bf1ab09811', 'NV005', 'seller_hung_4', 'hashed_pass_123', N'Le Van Hung', 'seller_hung_4@helukabel.vn', 2, 1),
('aa512e88-565a-44bb-84f6-612ecc49e949', 'NV006', 'seller_tuan_5', 'hashed_pass_123', N'Hoang Minh Tuan', 'seller_tuan_5@helukabel.vn', 2, 1);
GO

-- 2.3 INSERT LEAD SOURCES
INSERT INTO lead_source (source_id, source_name) VALUES
('SRC01', N'Industry Publication'),
('SRC02', N'Cold Call'),
('SRC03', N'Exhibition'),
('SRC04', N'Referral'),
('SRC05', N'Partner Introduction'),
('SRC06', N'LinkedIn'),
('SRC07', N'Website Inquiry'),
('SRC08', N'Trade Show'),
('SRC09', N'Email Campaign'),
('SRC10', N'Webinar');
GO

-- 2.4 INSERT PRODUCTS
INSERT INTO product (product_id, product_name) VALUES
('PRD01', N'Control Cable'),
('PRD02', N'Drag-chain Cable'),
('PRD03', N'Data/Signal Cable'),
('PRD04', N'Power Cable'),
('PRD05', N'Special/Custom'),
('PRD06', N'Fiber Optic');
GO

-- 2.5 INSERT LEADS
INSERT INTO lead (lead_id, created_date, full_name, account, industry_type, customer_group, customer_role, location, region, status, cost, loss_reason, business_result, product_id, source_id, user_id) VALUES
('L-2026-0001', '2026-04-09', N'Dang Quoc Viet', N'VinFast Automotive', N'Automotive & EV', N'Industry', N'Manufacturer', N'Can Tho', N'South', N'New', 1917000, NULL, NULL, 'PRD01', 'SRC01', 'd3e4851b-02e7-4bc3-86d8-cbd82d96c2e5'),
('L-2026-0002', '2025-04-17', N'Le Quoc Viet', N'VinFast Automotive', N'Automotive & EV', N'Industry', N'Manufacturer', N'Quang Ninh', N'North', N'Won', 3051000, NULL, 9450000000, 'PRD02', 'SRC01', 'd3e4851b-02e7-4bc3-86d8-cbd82d96c2e5'),
('L-2026-0003', '2026-01-05', N'Huynh Hong Huong', N'Samsung Electronics VN', N'Industrial Machinery', N'Industry', N'Manufacturer', N'Tay Ninh', N'South', N'Won', 486000, NULL, 216000000, 'PRD02', 'SRC02', 'f3f1ab23-29da-4ea3-8377-befc37b314f1'),
('L-2026-0004', '2025-10-30', N'Phung Huu Cuong', N'ABB Vietnam', N'Industrial Machinery', N'Energy', N'Manufacturer', N'Quang Nam', N'Central', N'In Negotiation', 4455000, NULL, NULL, 'PRD01', 'SRC03', 'd3e4851b-02e7-4bc3-86d8-cbd82d96c2e5'),
('L-2026-0005', '2026-02-16', N'Phan Thi Cuong', N'Festo Vietnam', N'Industrial Machinery', N'Industry', N'Trading', N'Bac Ninh', N'North', N'Contacted', 216000, NULL, NULL, 'PRD03', 'SRC04', '45f0d7fa-7580-4d9e-98e2-495aa86f75c9'),
('L-2026-0006', '2025-11-09', N'Huynh Minh Lan', N'Eco Constructions', N'Construction & Infrastructure', N'Industry', N'Contractor', N'Vung Tau', N'South', N'Lost', 3591000, N'Price', NULL, 'PRD04', 'SRC03', '655612cb-fc04-4fa8-a2de-87a6a55d30c7'),
('L-2026-0007', '2026-04-12', N'Ly Hong Kiet', N'Pacific Corporation', N'Renewable Energy', N'Penetration', N'Contractor', N'Quy Nhon', N'Central', N'New', 405000, NULL, NULL, 'PRD01', 'SRC04', 'f1460724-4d7f-4796-bca7-50bf1ab09811'),
('L-2026-0008', '2026-03-21', N'Tran Minh Thuy', N'Piaggio Vietnam', N'Automotive & EV', N'Industry', N'Manufacturer', N'Ho Chi Minh City', N'South', N'Qualified', 567000, NULL, NULL, 'PRD02', 'SRC02', 'f3f1ab23-29da-4ea3-8377-befc37b314f1'),
('L-2026-0009', '2026-04-03', N'Hoang Huu Nam', N'CC1 Corporation', N'Construction & Infrastructure', N'Industry', N'Contractor', N'Nam Dinh', N'North', N'New', 621000, NULL, NULL, 'PRD04', 'SRC05', 'f3f1ab23-29da-4ea3-8377-befc37b314f1'),
('L-2026-0010', '2025-02-03', N'Vo Duc Thu', N'Eco Constructions', N'Construction & Infrastructure', N'Energy', N'Contractor', N'Hai Duong', N'North', N'Won', 1890000, NULL, 2025000000, 'PRD03', 'SRC06', '655612cb-fc04-4fa8-a2de-87a6a55d30c7'),
('L-2026-0011', '2026-04-18', N'Ngo Ngoc Ha', N'Minth Automotive', N'Automotive & EV', N'Industry', N'Manufacturer', N'Hanoi', N'North', N'New', 4266000, NULL, NULL, 'PRD04', 'SRC03', 'd3e4851b-02e7-4bc3-86d8-cbd82d96c2e5'),
('L-2026-0012', '2026-02-22', N'Bui Hong Quang', N'Foxconn Vietnam', N'Industrial Machinery', N'Industry', N'Trading', N'Can Tho', N'South', N'Contacted', 1404000, NULL, NULL, 'PRD03', 'SRC07', '655612cb-fc04-4fa8-a2de-87a6a55d30c7'),
('L-2026-0013', '2026-03-04', N'Dinh Thanh', N'Suzuki Vietnam', N'Automotive & EV', N'Industry', N'Trading', N'Quy Nhon', N'Central', N'Proposal Sent', 1620000, NULL, NULL, 'PRD02', 'SRC01', 'f1460724-4d7f-4796-bca7-50bf1ab09811'),
('L-2026-0014', '2026-02-01', N'Pham Minh Tai', N'Coteccons Construction', N'Construction & Infrastructure', N'Industry', N'Contractor', N'Ho Chi Minh City', N'South', N'Proposal Sent', 2997000, NULL, NULL, 'PRD01', 'SRC03', 'f3f1ab23-29da-4ea3-8377-befc37b314f1'),
('L-2026-0015', '2025-09-29', N'Hoang Duc Hoa', N'Panasonic Automotive VN', N'Automotive & EV', N'Penetration', N'Manufacturer', N'Khanh Hoa', N'Central', N'Lost', 621000, N'Price', NULL, 'PRD01', 'SRC05', 'f1460724-4d7f-4796-bca7-50bf1ab09811'),
('L-2026-0016', '2026-02-16', N'Ngo Minh Yen', N'Phu My Wind Power', N'Renewable Energy', N'Penetration', N'Contractor', N'Hung Yen', N'North', N'Proposal Sent', 189000, NULL, NULL, 'PRD01', 'SRC04', '655612cb-fc04-4fa8-a2de-87a6a55d30c7'),
('L-2026-0017', '2026-02-04', N'Vo Van Hung', N'PC1 Renewable', N'Renewable Energy', N'Energy', N'Manufacturer', N'Bac Ninh', N'North', N'Disqualified', 5130000, NULL, NULL, 'PRD04', 'SRC08', '45f0d7fa-7580-4d9e-98e2-495aa86f75c9'),
('L-2026-0018', '2025-03-28', N'Cao Ngoc Tuan', N'Gelex Energy', N'Renewable Energy', N'Energy', N'Contractor', N'Ho Chi Minh City', N'South', N'Won', 675000, NULL, 5332500000, 'PRD04', 'SRC05', 'aa512e88-565a-44bb-84f6-612ecc49e949'),
('L-2026-0019', '2025-08-23', N'Pham Hong Lan', N'Super Energy Corp', N'Renewable Energy', N'Energy', N'Contractor', N'Can Tho', N'South', N'Lost', 4482000, N'Price', NULL, 'PRD01', 'SRC08', 'f1460724-4d7f-4796-bca7-50bf1ab09811'),
('L-2026-0020', '2025-12-22', N'Ngo Minh Long', N'Thaco Auto Group', N'Automotive & EV', N'Industry', N'Manufacturer', N'Nha Trang', N'Central', N'Won', 1539000, NULL, 3240000000, 'PRD04', 'SRC06', 'f1460724-4d7f-4796-bca7-50bf1ab09811'),
('L-2026-0021', '2025-06-14', N'Ly Long', N'Bamboo Capital Energy', N'Renewable Energy', N'Industry', N'Trading', N'Tien Giang', N'South', N'Lost', 2457000, N'Price', NULL, 'PRD01', 'SRC08', '45f0d7fa-7580-4d9e-98e2-495aa86f75c9'),
('L-2026-0022', '2025-06-26', N'Duong Ngoc Hoa', N'Pacific Corporation', N'Renewable Energy', N'Energy', N'Contractor', N'Hai Phong', N'North', N'Won', 1458000, NULL, 2025000000, 'PRD04', 'SRC06', 'd3e4851b-02e7-4bc3-86d8-cbd82d96c2e5'),
('L-2026-0023', '2026-03-23', N'Bui Hong Hien', N'Yaskawa Vietnam', N'Industrial Machinery', N'Industry', N'Manufacturer', N'Quang Ninh', N'North', N'New', 891000, NULL, NULL, 'PRD03', 'SRC07', 'aa512e88-565a-44bb-84f6-612ecc49e949'),
('L-2026-0024', '2025-12-02', N'Tran Van Thao', N'Bosch Vietnam Automotive', N'Automotive & EV', N'Industry', N'Trading', N'Khanh Hoa', N'Central', N'Lost', 891000, N'Timing', NULL, 'PRD01', 'SRC06', '45f0d7fa-7580-4d9e-98e2-495aa86f75c9'),
('L-2026-0025', '2026-04-09', N'Le Thi Dung', N'Hyundai Thanh Cong', N'Automotive & EV', N'Industry', N'Trading', N'Ho Chi Minh City', N'South', N'New', 621000, NULL, NULL, 'PRD05', 'SRC04', 'f3f1ab23-29da-4ea3-8377-befc37b314f1'),
('L-2026-0026', '2024-11-29', N'Cao Linh', N'Lear Corporation VN', N'Automotive & EV', N'Penetration', N'Manufacturer', N'Long An', N'South', N'Won', 594000, NULL, 324000000, 'PRD04', 'SRC02', 'aa512e88-565a-44bb-84f6-612ecc49e949'),
('L-2026-0027', '2025-11-21', N'Do Thi Anh', N'Yaskawa Vietnam', N'Industrial Machinery', N'Industry', N'Trading', N'Hai Duong', N'North', N'In Negotiation', 3888000, NULL, NULL, 'PRD01', 'SRC03', '45f0d7fa-7580-4d9e-98e2-495aa86f75c9'),
('L-2026-0028', '2026-02-06', N'Le Quoc Ngoc', N'Licogi 16 Energy', N'Renewable Energy', N'Energy', N'Contractor', N'Quy Nhon', N'Central', N'Qualified', 1593000, NULL, NULL, 'PRD01', 'SRC07', 'aa512e88-565a-44bb-84f6-612ecc49e949'),
('L-2026-0029', '2025-04-15', N'Bui Thi Nam', N'Panasonic Automotive VN', N'Automotive & EV', N'Industry', N'Trading', N'Can Tho', N'South', N'Won', 2133000, NULL, 9450000000, 'PRD01', 'SRC01', '655612cb-fc04-4fa8-a2de-87a6a55d30c7'),
('L-2026-0030', '2026-01-30', N'Phan Huu Thu', N'Bac Phuong Solar', N'Renewable Energy', N'Energy', N'Trading', N'Hai Phong', N'North', N'Proposal Sent', 5346000, NULL, NULL, 'PRD01', 'SRC03', '45f0d7fa-7580-4d9e-98e2-495aa86f75c9'),
('L-2026-0031', '2025-12-24', N'Do Duc Hai', N'VinFast Automotive', N'Automotive & EV', N'Industry', N'Manufacturer', N'Long An', N'South', N'Won', 135000, NULL, 324000000, 'PRD01', 'SRC09', 'd3e4851b-02e7-4bc3-86d8-cbd82d96c2e5'),
('L-2026-0032', '2025-12-17', N'Luu Phuc', N'Denso Vietnam', N'Automotive & EV', N'Industry', N'Manufacturer', N'Hue', N'Central', N'In Negotiation', 5265000, NULL, NULL, 'PRD04', 'SRC08', 'f1460724-4d7f-4796-bca7-50bf1ab09811'),
('L-2026-0033', '2026-03-20', N'Ho Trang', N'Super Energy Corp', N'Renewable Energy', N'Penetration', N'Contractor', N'Hung Yen', N'North', N'Qualified', 1107000, NULL, NULL, 'PRD04', 'SRC06', 'f1460724-4d7f-4796-bca7-50bf1ab09811'),
('L-2026-0034', '2025-09-08', N'Do Hong Dung', N'Hyundai Thanh Cong', N'Automotive & EV', N'Industry', N'Trading', N'Hai Duong', N'North', N'Lost', 162000, N'No Budget', NULL, 'PRD05', 'SRC09', 'd3e4851b-02e7-4bc3-86d8-cbd82d96c2e5'),
('L-2026-0035', '2025-01-02', N'Ly Minh Tai', N'Xuan Thien Group', N'Renewable Energy', N'Energy', N'Trading', N'Hung Yen', N'North', N'Won', 4428000, NULL, 1647000000, 'PRD03', 'SRC08', '655612cb-fc04-4fa8-a2de-87a6a55d30c7'),
('L-2026-0036', '2025-09-02', N'Ho Thuy', N'Yamaha Motor Vietnam', N'Automotive & EV', N'Energy', N'Trading', N'Da Nang', N'Central', N'Lost', 2538000, N'Product Fit', NULL, 'PRD01', 'SRC08', 'f1460724-4d7f-4796-bca7-50bf1ab09811'),
('L-2026-0037', '2025-09-10', N'Luu Huu Cuong', N'Goertek Vina', N'Industrial Machinery', N'Industry', N'Manufacturer', N'Can Tho', N'South', N'Lost', 756000, N'Competitor', NULL, 'PRD01', 'SRC02', 'aa512e88-565a-44bb-84f6-612ecc49e949'),
('L-2026-0038', '2025-12-18', N'Luu Quoc Hai', N'Minth Automotive', N'Automotive & EV', N'Industry', N'Manufacturer', N'Khanh Hoa', N'Central', N'Disqualified', 3969000, NULL, NULL, 'PRD05', 'SRC01', 'd3e4851b-02e7-4bc3-86d8-cbd82d96c2e5'),
('L-2026-0039', '2026-02-12', N'Duong Thi Huong', N'Licogi 16 Energy', N'Renewable Energy', N'Energy', N'Contractor', N'Hai Duong', N'North', N'Lost', 1404000, N'Price', NULL, 'PRD04', 'SRC07', '45f0d7fa-7580-4d9e-98e2-495aa86f75c9'),
('L-2026-0040', '2026-02-10', N'Ngo Huu Hien', N'Masterise Homes', N'Construction & Infrastructure', N'Industry', N'Contractor', N'Quang Nam', N'Central', N'Contacted', 1863000, NULL, NULL, 'PRD03', 'SRC06', '655612cb-fc04-4fa8-a2de-87a6a55d30c7'),
('L-2026-0041', '2025-05-12', N'Nguyen Huu Huy', N'CotecLand', N'Construction & Infrastructure', N'Industry', N'Contractor', N'Binh Duong', N'South', N'Lost', 783000, N'Competitor', NULL, 'PRD03', 'SRC02', 'aa512e88-565a-44bb-84f6-612ecc49e949'),
('L-2026-0042', '2026-03-23', N'Vu Duc Khoa', N'Vietnam Sun Energy', N'Renewable Energy', N'Energy', N'Contractor', N'Binh Duong', N'South', N'New', 459000, NULL, NULL, 'PRD04', 'SRC02', '45f0d7fa-7580-4d9e-98e2-495aa86f75c9'),
('L-2026-0043', '2025-08-03', N'Vo Quoc Phuc', N'Phu My Wind Power', N'Renewable Energy', N'Industry', N'Contractor', N'Binh Dinh', N'Central', N'Won', 918000, NULL, 3456000000, 'PRD05', 'SRC05', 'f1460724-4d7f-4796-bca7-50bf1ab09811'),
('L-2026-0044', '2025-04-28', N'Vu Hong Dung', N'Truong Thanh Solar', N'Renewable Energy', N'Energy', N'Contractor', N'Tay Ninh', N'South', N'Won', 5346000, NULL, 7411500000, 'PRD04', 'SRC03', '45f0d7fa-7580-4d9e-98e2-495aa86f75c9'),
('L-2026-0045', '2025-09-16', N'Ly Duc Hong', N'Super Energy Corp', N'Renewable Energy', N'Energy', N'Trading', N'Binh Duong', N'South', N'Lost', 1215000, N'Timing', NULL, 'PRD01', 'SRC02', 'f3f1ab23-29da-4ea3-8377-befc37b314f1'),
('L-2026-0046', '2026-03-23', N'Mai Hong Hien', N'REE Mechanical', N'Construction & Infrastructure', N'Energy', N'Contractor', N'Binh Dinh', N'Central', N'New', 1512000, NULL, NULL, 'PRD01', 'SRC10', 'f3f1ab23-29da-4ea3-8377-befc37b314f1'),
('L-2026-0047', '2026-03-11', N'Vu Quoc Kiet', N'SMC Manufacturing VN', N'Industrial Machinery', N'Industry', N'Trading', N'Hung Yen', N'North', N'Contacted', 1107000, NULL, NULL, 'PRD06', 'SRC07', 'f1460724-4d7f-4796-bca7-50bf1ab09811'),
('L-2026-0048', '2026-02-02', N'Hoang Quoc Phuong', N'Ford Vietnam', N'Automotive & EV', N'Energy', N'Contractor', N'Bac Ninh', N'North', N'In Negotiation', 486000, NULL, NULL, 'PRD05', 'SRC09', 'f3f1ab23-29da-4ea3-8377-befc37b314f1'),
('L-2026-0049', '2026-02-08', N'Tran Quoc Trang', N'Fecon Corporation', N'Construction & Infrastructure', N'Energy', N'Contractor', N'Long An', N'South', N'Proposal Sent', 5103000, NULL, NULL, 'PRD03', 'SRC08', 'f3f1ab23-29da-4ea3-8377-befc37b314f1'),
('L-2026-0050', '2025-10-31', N'Nguyen Minh Tai', N'An Phong Construction', N'Construction & Infrastructure', N'Penetration', N'Trading', N'Tien Giang', N'South', N'Disqualified', 324000, NULL, NULL, 'PRD01', 'SRC09', '45f0d7fa-7580-4d9e-98e2-495aa86f75c9'),
('L-2026-0051', '2025-10-24', N'Vu Van Phuong', N'Fanuc Vietnam', N'Industrial Machinery', N'Industry', N'Contractor', N'Quang Nam', N'Central', N'In Negotiation', 1593000, NULL, NULL, 'PRD03', 'SRC06', 'aa512e88-565a-44bb-84f6-612ecc49e949'),
('L-2026-0052', '2025-07-29', N'Luu Van Khoa', N'Minth Automotive', N'Automotive & EV', N'Industry', N'Manufacturer', N'Nha Trang', N'Central', N'Won', 891000, NULL, 1350000000, 'PRD02', 'SRC06', 'd3e4851b-02e7-4bc3-86d8-cbd82d96c2e5'),
('L-2026-0053', '2026-01-18', N'Do Minh Phuong', N'Green Yellow Vietnam', N'Renewable Energy', N'Energy', N'Trading', N'Quang Ngai', N'Central', N'Contacted', 675000, NULL, NULL, 'PRD04', 'SRC07', 'd3e4851b-02e7-4bc3-86d8-cbd82d96c2e5'),
('L-2026-0054', '2025-08-07', N'Vo Thi Cuong', N'Denso Vietnam', N'Automotive & EV', N'Energy', N'Trading', N'Quang Ninh', N'North', N'Won', 4293000, NULL, 445500000, 'PRD04', 'SRC08', '45f0d7fa-7580-4d9e-98e2-495aa86f75c9'),
('L-2026-0055', '2026-02-04', N'Phan Ngoc Hai', N'Continental Tires VN', N'Automotive & EV', N'Energy', N'Manufacturer', N'Binh Duong', N'South', N'Contacted', 3537000, NULL, NULL, 'PRD02', 'SRC03', 'f3f1ab23-29da-4ea3-8377-befc37b314f1'),
('L-2026-0056', '2026-01-11', N'Nguyen Huu Quyen', N'Continental Tires VN', N'Automotive & EV', N'Energy', N'Trading', N'Quang Nam', N'Central', N'Lost', 189000, N'Timing', NULL, 'PRD04', 'SRC04', 'f1460724-4d7f-4796-bca7-50bf1ab09811'),
('L-2026-0057', '2026-01-24', N'Chu Huu Minh', N'Super Energy Corp', N'Renewable Energy', N'Energy', N'Contractor', N'Hai Phong', N'North', N'Disqualified', 864000, NULL, NULL, 'PRD04', 'SRC02', '45f0d7fa-7580-4d9e-98e2-495aa86f75c9'),
('L-2026-0058', '2025-11-24', N'Mai Minh Anh', N'Intel Products VN', N'Industrial Machinery', N'Penetration', N'Trading', N'Hai Duong', N'North', N'Proposal Sent', 432000, NULL, NULL, 'PRD03', 'SRC09', 'aa512e88-565a-44bb-84f6-612ecc49e949'),
('L-2026-0059', '2026-01-14', N'Duong Duc Ha', N'Central Cons Group', N'Construction & Infrastructure', N'Penetration', N'Contractor', N'Ba Ria', N'South', N'Proposal Sent', 3267000, NULL, NULL, 'PRD04', 'SRC01', '655612cb-fc04-4fa8-a2de-87a6a55d30c7'),
('L-2026-0060', '2026-03-28', N'Vo Thi Kiet', N'Siemens Vietnam', N'Industrial Machinery', N'Penetration', N'Manufacturer', N'Nha Trang', N'Central', N'New', 783000, NULL, NULL, 'PRD02', 'SRC05', '655612cb-fc04-4fa8-a2de-87a6a55d30c7'),
('L-2026-0061', '2026-01-23', N'Vu Minh Son', N'Samsung Electronics VN', N'Industrial Machinery', N'Industry', N'Manufacturer', N'Nam Dinh', N'North', N'Proposal Sent', 621000, NULL, NULL, 'PRD03', 'SRC02', '45f0d7fa-7580-4d9e-98e2-495aa86f75c9'),
('L-2026-0062', '2025-07-24', N'Nguyen Thanh', N'Bosch Rexroth VN', N'Industrial Machinery', N'Industry', N'Trading', N'Binh Dinh', N'Central', N'Lost', 2430000, N'Price', NULL, 'PRD03', 'SRC01', 'aa512e88-565a-44bb-84f6-612ecc49e949'),
('L-2026-0063', '2025-10-20', N'Nguyen Thi Huy', N'CC1 Corporation', N'Construction & Infrastructure', N'Industry', N'Contractor', N'Bac Giang', N'North', N'Lost', 567000, N'Competitor', NULL, 'PRD04', 'SRC05', 'aa512e88-565a-44bb-84f6-612ecc49e949'),
('L-2026-0064', '2026-03-23', N'Truong Minh Lan', N'Fanuc Vietnam', N'Industrial Machinery', N'Energy', N'Manufacturer', N'Nam Dinh', N'North', N'Contacted', 216000, NULL, NULL, 'PRD01', 'SRC04', 'd3e4851b-02e7-4bc3-86d8-cbd82d96c2e5'),
('L-2026-0065', '2025-11-12', N'Truong Duc Thanh', N'Foxconn Vietnam', N'Industrial Machinery', N'Industry', N'Manufacturer', N'Can Tho', N'South', N'Lost', 918000, N'Competitor', NULL, 'PRD01', 'SRC05', 'f3f1ab23-29da-4ea3-8377-befc37b314f1'),
('L-2026-0066', '2025-12-10', N'Phan Huu Viet', N'Foxconn Vietnam', N'Industrial Machinery', N'Industry', N'Manufacturer', N'Long An', N'South', N'Won', 2052000, NULL, 135000000, 'PRD02', 'SRC01', 'f1460724-4d7f-4796-bca7-50bf1ab09811'),
('L-2026-0067', '2026-02-04', N'Dinh Ngoc Long', N'Luxshare-ICT Vietnam', N'Industrial Machinery', N'Penetration', N'Manufacturer', N'Binh Dinh', N'Central', N'Disqualified', 1836000, NULL, NULL, 'PRD03', 'SRC10', 'aa512e88-565a-44bb-84f6-612ecc49e949'),
('L-2026-0068', '2025-08-24', N'Vu Thi Hung', N'Yamaha Motor Vietnam', N'Automotive & EV', N'Industry', N'Manufacturer', N'Dong Nai', N'South', N'Won', 2673000, NULL, 16632000000, 'PRD02', 'SRC08', '45f0d7fa-7580-4d9e-98e2-495aa86f75c9'),
('L-2026-0069', '2026-02-09', N'Pham Trang', N'Piaggio Vietnam', N'Automotive & EV', N'Industry', N'Trading', N'Hung Yen', N'North', N'Disqualified', 2916000, NULL, NULL, 'PRD02', 'SRC01', 'd3e4851b-02e7-4bc3-86d8-cbd82d96c2e5'),
('L-2026-0070', '2026-01-25', N'Luu Hong Tai', N'Hung Thinh Corp', N'Construction & Infrastructure', N'Penetration', N'Contractor', N'Can Tho', N'South', N'Contacted', 3861000, NULL, NULL, 'PRD06', 'SRC03', '45f0d7fa-7580-4d9e-98e2-495aa86f75c9'),
('L-2026-0071', '2025-03-20', N'Huynh Quoc Son', N'Intel Products VN', N'Industrial Machinery', N'Industry', N'Manufacturer', N'Quang Ngai', N'Central', N'Lost', 2268000, N'Timing', NULL, 'PRD03', 'SRC10', '45f0d7fa-7580-4d9e-98e2-495aa86f75c9'),
('L-2026-0072', '2025-05-15', N'Vo Huu Huy', N'LG Display Vietnam', N'Industrial Machinery', N'Energy', N'Manufacturer', N'Vung Tau', N'South', N'Lost', 351000, N'No Decision', NULL, 'PRD06', 'SRC04', 'f3f1ab23-29da-4ea3-8377-befc37b314f1'),
('L-2026-0073', '2025-09-02', N'Pham Viet', N'Ecotech Vietnam', N'Renewable Energy', N'Energy', N'Trading', N'Tien Giang', N'South', N'Won', 918000, NULL, 945000000, 'PRD05', 'SRC06', '655612cb-fc04-4fa8-a2de-87a6a55d30c7'),
('L-2026-0074', '2026-03-29', N'Pham Ngoc Tai', N'Yaskawa Vietnam', N'Industrial Machinery', N'Industry', N'Trading', N'Khanh Hoa', N'Central', N'New', 3321000, NULL, NULL, 'PRD06', 'SRC01', 'f1460724-4d7f-4796-bca7-50bf1ab09811'),
('L-2026-0075', '2025-05-02', N'Do Huu Binh', N'Lear Corporation VN', N'Automotive & EV', N'Industry', N'Trading', N'Tien Giang', N'South', N'Lost', 756000, N'Timing', NULL, 'PRD02', 'SRC05', '45f0d7fa-7580-4d9e-98e2-495aa86f75c9'),
('L-2026-0076', '2025-12-01', N'Tran Duc Hoa', N'Festo Vietnam', N'Industrial Machinery', N'Industry', N'Manufacturer', N'Nam Dinh', N'North', N'In Negotiation', 1809000, NULL, NULL, 'PRD03', 'SRC06', 'd3e4851b-02e7-4bc3-86d8-cbd82d96c2e5'),
('L-2026-0077', '2026-03-19', N'Vu Minh Trang', N'Delta Construction', N'Construction & Infrastructure', N'Industry', N'Contractor', N'Vinh Phuc', N'North', N'Contacted', 756000, NULL, NULL, 'PRD04', 'SRC02', '45f0d7fa-7580-4d9e-98e2-495aa86f75c9'),
('L-2026-0078', '2025-08-16', N'Truong Van Hong', N'Schneider Electric VN', N'Industrial Machinery', N'Industry', N'Manufacturer', N'Hai Duong', N'North', N'Lost', 135000, N'No Budget', NULL, 'PRD02', 'SRC09', '45f0d7fa-7580-4d9e-98e2-495aa86f75c9'),
('L-2026-0079', '2024-12-23', N'Tran Quoc Ha', N'Fecon Corporation', N'Construction & Infrastructure', N'Energy', N'Contractor', N'Dong Nai', N'South', N'Won', 2376000, NULL, 945000000, 'PRD06', 'SRC10', 'f3f1ab23-29da-4ea3-8377-befc37b314f1'),
('L-2026-0080', '2026-01-23', N'Ly Ngoc Minh', N'Phu My Wind Power', N'Renewable Energy', N'Industry', N'Contractor', N'Ba Ria', N'South', N'In Negotiation', 270000, NULL, NULL, 'PRD01', 'SRC04', 'f1460724-4d7f-4796-bca7-50bf1ab09811'),
('L-2026-0081', '2025-04-24', N'Duong Thi Viet', N'Panasonic Automotive VN', N'Automotive & EV', N'Penetration', N'Trading', N'Nha Trang', N'Central', N'Lost', 3483000, N'Competitor', NULL, 'PRD01', 'SRC03', 'f1460724-4d7f-4796-bca7-50bf1ab09811'),
('L-2026-0082', '2025-11-12', N'Chu Huu Trang', N'SMC Manufacturing VN', N'Industrial Machinery', N'Penetration', N'Trading', N'Hung Yen', N'North', N'Won', 2025000, NULL, 540000000, 'PRD03', 'SRC10', 'd3e4851b-02e7-4bc3-86d8-cbd82d96c2e5'),
('L-2026-0083', '2025-11-22', N'Dang Hong Huong', N'Bamboo Capital Energy', N'Renewable Energy', N'Penetration', N'Contractor', N'Tien Giang', N'South', N'In Negotiation', 3132000, NULL, NULL, 'PRD04', 'SRC08', '655612cb-fc04-4fa8-a2de-87a6a55d30c7'),
('L-2026-0084', '2026-03-09', N'Ly Hoa', N'Central Cons Group', N'Construction & Infrastructure', N'Industry', N'Contractor', N'Quy Nhon', N'Central', N'Contacted', 513000, NULL, NULL, 'PRD03', 'SRC09', 'f1460724-4d7f-4796-bca7-50bf1ab09811'),
('L-2026-0085', '2025-11-21', N'Luu Hong Viet', N'TTC Energy', N'Renewable Energy', N'Penetration', N'Contractor', N'Da Nang', N'Central', N'Lost', 2295000, N'Competitor', NULL, 'PRD04', 'SRC10', 'f1460724-4d7f-4796-bca7-50bf1ab09811'),
('L-2026-0086', '2025-02-19', N'Cao Duc Nhung', N'Cofico', N'Construction & Infrastructure', N'Penetration', N'Contractor', N'Ho Chi Minh City', N'South', N'Won', 1134000, NULL, 3240000000, 'PRD03', 'SRC02', 'f1460724-4d7f-4796-bca7-50bf1ab09811'),
('L-2026-0087', '2026-02-02', N'Ly Van Phuc', N'Nidec Tosok', N'Automotive & EV', N'Industry', N'Manufacturer', N'Thai Nguyen', N'North', N'Lost', 5670000, N'Price', NULL, 'PRD01', 'SRC03', 'aa512e88-565a-44bb-84f6-612ecc49e949'),
('L-2026-0088', '2025-12-16', N'Phung Hong Khoa', N'Siemens Vietnam', N'Industrial Machinery', N'Penetration', N'Trading', N'Quy Nhon', N'Central', N'Lost', 405000, N'Price', NULL, 'PRD01', 'SRC09', '45f0d7fa-7580-4d9e-98e2-495aa86f75c9'),
('L-2026-0089', '2026-03-06', N'Tran Thi Dung', N'CotecLand', N'Construction & Infrastructure', N'Penetration', N'Trading', N'Hung Yen', N'North', N'Contacted', 5427000, NULL, NULL, 'PRD04', 'SRC03', 'aa512e88-565a-44bb-84f6-612ecc49e949'),
('L-2026-0090', '2025-11-21', N'Huynh Huu Binh', N'Schaeffler Vietnam', N'Automotive & EV', N'Industry', N'Trading', N'Bac Giang', N'North', N'Proposal Sent', 702000, NULL, NULL, 'PRD01', 'SRC02', 'd3e4851b-02e7-4bc3-86d8-cbd82d96c2e5'),
('L-2026-0091', '2026-01-03', N'Duong Duc Quang', N'Vietnam Sun Energy', N'Renewable Energy', N'Energy', N'Contractor', N'Quang Nam', N'Central', N'Won', 837000, NULL, 10530000000, 'PRD04', 'SRC05', 'd3e4851b-02e7-4bc3-86d8-cbd82d96c2e5'),
('L-2026-0092', '2025-03-11', N'Ly Huu Anh', N'Licogi Group', N'Construction & Infrastructure', N'Penetration', N'Contractor', N'Bac Giang', N'North', N'Won', 2160000, NULL, 1350000000, 'PRD06', 'SRC01', '45f0d7fa-7580-4d9e-98e2-495aa86f75c9'),
('L-2026-0093', '2025-08-31', N'Chu Huu Hong', N'Fanuc Vietnam', N'Industrial Machinery', N'Penetration', N'Manufacturer', N'Quang Nam', N'Central', N'Won', 1242000, NULL, 9450000000, 'PRD06', 'SRC10', '655612cb-fc04-4fa8-a2de-87a6a55d30c7'),
('L-2026-0094', '2026-02-05', N'Bui Huu Binh', N'Festo Vietnam', N'Industrial Machinery', N'Penetration', N'Contractor', N'Nam Dinh', N'North', N'Proposal Sent', 4104000, NULL, NULL, 'PRD01', 'SRC08', '45f0d7fa-7580-4d9e-98e2-495aa86f75c9'),
('L-2026-0095', '2025-07-12', N'Vu Huu Viet', N'Valeo Vietnam', N'Automotive & EV', N'Industry', N'Manufacturer', N'Dong Nai', N'South', N'Won', 648000, NULL, 486000000, 'PRD04', 'SRC04', 'f3f1ab23-29da-4ea3-8377-befc37b314f1'),
('L-2026-0096', '2026-02-04', N'Ly Van Thao', N'Suzuki Vietnam', N'Automotive & EV', N'Industry', N'Manufacturer', N'Bac Giang', N'North', N'Contacted', 1026000, NULL, NULL, 'PRD01', 'SRC02', 'f1460724-4d7f-4796-bca7-50bf1ab09811'),
('L-2026-0097', '2026-03-15', N'Truong Minh Ha', N'AC Energy Vietnam', N'Renewable Energy', N'Energy', N'Contractor', N'Vinh Phuc', N'North', N'Qualified', 1350000, NULL, NULL, 'PRD04', 'SRC07', '45f0d7fa-7580-4d9e-98e2-495aa86f75c9'),
('L-2026-0098', '2024-11-09', N'Pham Ngoc Hung', N'Siemens Vietnam', N'Industrial Machinery', N'Industry', N'Trading', N'Vung Tau', N'South', N'Won', 432000, NULL, 2025000000, 'PRD01', 'SRC09', 'd3e4851b-02e7-4bc3-86d8-cbd82d96c2e5'),
('L-2026-0099', '2026-04-17', N'Truong Thi Hong', N'Yamaha Motor Vietnam', N'Automotive & EV', N'Industry', N'Contractor', N'Nam Dinh', N'North', N'New', 594000, NULL, NULL, 'PRD01', 'SRC05', 'd3e4851b-02e7-4bc3-86d8-cbd82d96c2e5'),
('L-2026-0100', '2026-01-29', N'Cao Quoc Hoa', N'Foxconn Vietnam', N'Industrial Machinery', N'Industry', N'Trading', N'Quy Nhon', N'Central', N'Qualified', 1188000, NULL, NULL, 'PRD02', 'SRC02', 'aa512e88-565a-44bb-84f6-612ecc49e949'),
('L-2026-0101', '2024-11-30', N'Chu Huu Trang', N'Schaeffler Vietnam', N'Automotive & EV', N'Industry', N'Manufacturer', N'Hai Phong', N'North', N'Won', 1377000, NULL, 540000000, 'PRD02', 'SRC07', '45f0d7fa-7580-4d9e-98e2-495aa86f75c9'),
('L-2026-0102', '2026-04-06', N'Ly Minh Khanh', N'Truong Thanh Solar', N'Renewable Energy', N'Energy', N'Contractor', N'Thai Nguyen', N'North', N'Contacted', 216000, NULL, NULL, 'PRD04', 'SRC09', 'd3e4851b-02e7-4bc3-86d8-cbd82d96c2e5'),
('L-2026-0103', '2025-06-19', N'Tran Minh Tuan', N'Licogi Group', N'Construction & Infrastructure', N'Energy', N'Trading', N'Hue', N'Central', N'Lost', 4968000, N'Price', NULL, 'PRD01', 'SRC03', 'f3f1ab23-29da-4ea3-8377-befc37b314f1'),
('L-2026-0104', '2026-01-18', N'Ngo Huu Thanh', N'LG Display Vietnam', N'Industrial Machinery', N'Penetration', N'Trading', N'Tien Giang', N'South', N'Qualified', 1215000, NULL, NULL, 'PRD02', 'SRC10', '45f0d7fa-7580-4d9e-98e2-495aa86f75c9'),
('L-2026-0105', '2025-06-26', N'Do Quoc Nam', N'Thaco Auto Group', N'Automotive & EV', N'Energy', N'Manufacturer', N'Tien Giang', N'South', N'Lost', 2322000, N'Price', NULL, 'PRD02', 'SRC01', 'f3f1ab23-29da-4ea3-8377-befc37b314f1'),
('L-2026-0106', '2025-12-21', N'Hoang Van Kiet', N'Bac Phuong Solar', N'Renewable Energy', N'Penetration', N'Manufacturer', N'Thai Nguyen', N'North', N'Qualified', 2484000, NULL, NULL, 'PRD04', 'SRC01', 'd3e4851b-02e7-4bc3-86d8-cbd82d96c2e5'),
('L-2026-0107', '2025-04-20', N'Hoang Van Lan', N'VinFast Automotive', N'Automotive & EV', N'Energy', N'Manufacturer', N'Da Nang', N'Central', N'Won', 2754000, NULL, 513000000, 'PRD02', 'SRC08', 'f1460724-4d7f-4796-bca7-50bf1ab09811'),
('L-2026-0108', '2025-11-17', N'Vu Ngoc NgocHonda Vietnam', N'Unknown', N'Automotive & EV', N'Industry', N'Manufacturer', N'Khanh Hoa', N'Central', N'Won', 648000, NULL, 6709500000, 'PRD01', 'SRC04', 'f1460724-4d7f-4796-bca7-50bf1ab09811'),
('L-2026-0109', '2025-12-22', N'Vu Hong Van', N'Thaco Auto Group', N'Automotive & EV', N'Energy', N'Manufacturer', N'Nha Trang', N'Central', N'Qualified', 2970000, NULL, NULL, 'PRD04', 'SRC03', 'f1460724-4d7f-4796-bca7-50bf1ab09811'),
('L-2026-0110', '2026-03-10', N'Hoang Huu Thao', N'Bamboo Capital Energy', N'Renewable Energy', N'Energy', N'Contractor', N'Binh Duong', N'South', N'Qualified', 2619000, NULL, NULL, 'PRD03', 'SRC01', '655612cb-fc04-4fa8-a2de-87a6a55d30c7'),
('L-2026-0111', '2026-02-20', N'Chu Thi Hien', N'Ricons Group', N'Construction & Infrastructure', N'Penetration', N'Contractor', N'Nha Trang', N'Central', N'Qualified', 486000, NULL, NULL, 'PRD06', 'SRC04', 'aa512e88-565a-44bb-84f6-612ecc49e949'),
('L-2026-0112', '2025-08-06', N'Duong Thi Linh', N'Cofico', N'Construction & Infrastructure', N'Energy', N'Contractor', N'Hue', N'Central', N'Lost', 1971000, N'No Budget', NULL, 'PRD06', 'SRC06', 'd3e4851b-02e7-4bc3-86d8-cbd82d96c2e5'),
('L-2026-0113', '2024-12-06', N'Le Thi VanHonda Vietnam', N'Unknown', N'Automotive & EV', N'Industry', N'Contractor', N'Ba Ria', N'South', N'Won', 1755000, NULL, 5400000000, 'PRD01', 'SRC06', 'f1460724-4d7f-4796-bca7-50bf1ab09811'),
('L-2026-0114', '2025-06-06', N'Duong Minh Van', N'Foxconn Vietnam', N'Industrial Machinery', N'Penetration', N'Trading', N'Bac Giang', N'North', N'Lost', 513000, N'No Budget', NULL, 'PRD02', 'SRC05', '45f0d7fa-7580-4d9e-98e2-495aa86f75c9'),
('L-2026-0115', '2025-09-01', N'Cao Ngoc Viet', N'AC Energy Vietnam', N'Renewable Energy', N'Energy', N'Contractor', N'Quy Nhon', N'Central', N'Lost', 486000, N'No Budget', NULL, 'PRD01', 'SRC02', 'd3e4851b-02e7-4bc3-86d8-cbd82d96c2e5'),
('L-2026-0116', '2024-12-10', N'Truong Binh', N'Ecotech Vietnam', N'Renewable Energy', N'Energy', N'Contractor', N'Long An', N'South', N'Won', 567000, NULL, 945000000, 'PRD01', 'SRC07', '655612cb-fc04-4fa8-a2de-87a6a55d30c7'),
('L-2026-0117', '2026-01-31', N'Nguyen Duc Phuc', N'ABB Vietnam', N'Industrial Machinery', N'Industry', N'Manufacturer', N'Thai Nguyen', N'North', N'Contacted', 2457000, NULL, NULL, 'PRD06', 'SRC08', 'd3e4851b-02e7-4bc3-86d8-cbd82d96c2e5'),
('L-2026-0118', '2025-07-15', N'Duong Ngoc Huong', N'Truong Thanh Solar', N'Renewable Energy', N'Energy', N'Contractor', N'Da Nang', N'Central', N'Won', 783000, NULL, 148500000, 'PRD04', 'SRC05', 'f1460724-4d7f-4796-bca7-50bf1ab09811'),
('L-2026-0119', '2025-10-09', N'Dang Ngoc VanHonda Vietnam', N'Unknown', N'Automotive & EV', N'Industry', N'Manufacturer', N'Nam Dinh', N'North', N'Won', 567000, NULL, 2200500000, 'PRD04', 'SRC04', 'd3e4851b-02e7-4bc3-86d8-cbd82d96c2e5'),
('L-2026-0120', '2025-10-07', N'Cao Huu Cuong', N'Unicons', N'Construction & Infrastructure', N'Industry', N'Trading', N'Hai Phong', N'North', N'Lost', 2862000, N'No Decision', NULL, 'PRD01', 'SRC08', '45f0d7fa-7580-4d9e-98e2-495aa86f75c9'),
('L-2026-0121', '2026-01-20', N'Dang Huu Linh', N'AC Energy Vietnam', N'Renewable Energy', N'Energy', N'Contractor', N'Quang Ngai', N'Central', N'Qualified', 1026000, NULL, NULL, 'PRD04', 'SRC06', 'f1460724-4d7f-4796-bca7-50bf1ab09811'),
('L-2026-0122', '2025-04-02', N'Truong Minh Hung', N'Vietnam Sun Energy', N'Renewable Energy', N'Energy', N'Contractor', N'Quang Ngai', N'Central', N'Lost', 3726000, N'Competitor', NULL, 'PRD04', 'SRC08', 'aa512e88-565a-44bb-84f6-612ecc49e949'),
('L-2026-0123', '2025-09-30', N'Duong Hong Trang', N'Festo Vietnam', N'Industrial Machinery', N'Industry', N'Manufacturer', N'Da Nang', N'Central', N'Disqualified', 1863000, NULL, NULL, 'PRD02', 'SRC06', '655612cb-fc04-4fa8-a2de-87a6a55d30c7'),
('L-2026-0124', '2025-10-15', N'Duong Thi Dung', N'Intel Products VN', N'Industrial Machinery', N'Industry', N'Manufacturer', N'Bac Ninh', N'North', N'Disqualified', 378000, NULL, NULL, 'PRD06', 'SRC09', 'aa512e88-565a-44bb-84f6-612ecc49e949'),
('L-2026-0125', '2026-01-25', N'Huynh Thi Thu', N'Bac Phuong Solar', N'Renewable Energy', N'Energy', N'Contractor', N'Quang Ninh', N'North', N'Contacted', 702000, NULL, NULL, 'PRD01', 'SRC02', '655612cb-fc04-4fa8-a2de-87a6a55d30c7'),
('L-2026-0126', '2025-12-09', N'Pham Duc Hai', N'TTC Energy', N'Renewable Energy', N'Energy', N'Contractor', N'Tay Ninh', N'South', N'Lost', 3645000, N'Competitor', NULL, 'PRD04', 'SRC03', '655612cb-fc04-4fa8-a2de-87a6a55d30c7'),
('L-2026-0127', '2026-03-04', N'Luu Ngoc Quyen', N'CC1 Corporation', N'Construction & Infrastructure', N'Penetration', N'Trading', N'Da Nang', N'Central', N'Proposal Sent', 513000, NULL, NULL, 'PRD04', 'SRC02', 'f1460724-4d7f-4796-bca7-50bf1ab09811'),
('L-2026-0128', '2026-03-17', N'Dinh Huu Kiet', N'CC1 Corporation', N'Construction & Infrastructure', N'Penetration', N'Contractor', N'Bac Ninh', N'North', N'Qualified', 1323000, NULL, NULL, 'PRD04', 'SRC07', 'f1460724-4d7f-4796-bca7-50bf1ab09811'),
('L-2026-0129', '2026-01-11', N'Bui Thi Khoa', N'Denso Vietnam', N'Automotive & EV', N'Industry', N'Manufacturer', N'Nha Trang', N'Central', N'Qualified', 729000, NULL, NULL, 'PRD02', 'SRC05', '45f0d7fa-7580-4d9e-98e2-495aa86f75c9'),
('L-2026-0130', '2025-10-27', N'Luu Quoc Linh', N'Schaeffler Vietnam', N'Automotive & EV', N'Industry', N'Manufacturer', N'Hai Phong', N'North', N'Lost', 1242000, N'Product Fit', NULL, 'PRD05', 'SRC10', 'f1460724-4d7f-4796-bca7-50bf1ab09811'),
('L-2026-0131', '2026-01-31', N'Mai Duc Cuong', N'Intel Products VN', N'Industrial Machinery', N'Industry', N'Manufacturer', N'Nha Trang', N'Central', N'Qualified', 3402000, NULL, NULL, 'PRD02', 'SRC01', '45f0d7fa-7580-4d9e-98e2-495aa86f75c9'),
('L-2026-0132', '2025-10-13', N'Bui Hong Trang', N'ABB Vietnam', N'Industrial Machinery', N'Energy', N'Contractor', N'Hai Phong', N'North', N'Lost', 459000, N'Price', NULL, 'PRD03', 'SRC02', '45f0d7fa-7580-4d9e-98e2-495aa86f75c9'),
('L-2026-0133', '2025-09-09', N'Dang Duc Huong', N'Hung Thinh Corp', N'Construction & Infrastructure', N'Industry', N'Contractor', N'Hue', N'Central', N'Won', 1215000, NULL, 216000000, 'PRD04', 'SRC07', 'd3e4851b-02e7-4bc3-86d8-cbd82d96c2e5'),
('L-2026-0134', '2025-12-22', N'Ngo Minh Nam', N'Bosch Rexroth VN', N'Industrial Machinery', N'Industry', N'Trading', N'Can Tho', N'South', N'In Negotiation', 1917000, NULL, NULL, 'PRD01', 'SRC01', 'f3f1ab23-29da-4ea3-8377-befc37b314f1'),
('L-2026-0135', '2025-10-28', N'Ho Van Ngoc', N'Unicons', N'Construction & Infrastructure', N'Industry', N'Trading', N'Da Nang', N'Central', N'Won', 1404000, NULL, 324000000, 'PRD06', 'SRC10', '45f0d7fa-7580-4d9e-98e2-495aa86f75c9'),
('L-2026-0136', '2025-08-18', N'Bui Thi Thu', N'Bamboo Capital Energy', N'Renewable Energy', N'Energy', N'Contractor', N'Khanh Hoa', N'Central', N'Lost', 4428000, N'Price', NULL, 'PRD03', 'SRC08', '45f0d7fa-7580-4d9e-98e2-495aa86f75c9'),
('L-2026-0137', '2026-01-25', N'Ngo Duc Quang', N'Ha Do Green Power', N'Renewable Energy', N'Energy', N'Contractor', N'Binh Duong', N'South', N'Disqualified', 2052000, NULL, NULL, 'PRD04', 'SRC06', 'f1460724-4d7f-4796-bca7-50bf1ab09811'),
('L-2026-0138', '2026-03-30', N'Cao Quoc Yen', N'Eco Constructions', N'Construction & Infrastructure', N'Penetration', N'Contractor', N'Ba Ria', N'South', N'New', 1458000, NULL, NULL, 'PRD03', 'SRC10', 'f3f1ab23-29da-4ea3-8377-befc37b314f1'),
('L-2026-0139', '2026-02-09', N'Phan Minh QuyenOmron Industrial VN', N'Unknown', N'Industrial Machinery', N'Penetration', N'Manufacturer', N'Bac Giang', N'North', N'Contacted', 486000, NULL, NULL, 'PRD02', 'SRC09', '655612cb-fc04-4fa8-a2de-87a6a55d30c7'),
('L-2026-0140', '2025-04-16', N'Hoang Huu Duc', N'Ha Do Green Power', N'Renewable Energy', N'Energy', N'Trading', N'Quy Nhon', N'Central', N'Won', 3267000, NULL, 391500000, 'PRD04', 'SRC03', 'f1460724-4d7f-4796-bca7-50bf1ab09811'),
('L-2026-0141', '2026-04-18', N'Le Quoc Yen', N'Ecotech Vietnam', N'Renewable Energy', N'Penetration', N'Trading', N'Quang Ngai', N'Central', N'New', 3510000, NULL, NULL, 'PRD04', 'SRC08', 'aa512e88-565a-44bb-84f6-612ecc49e949'),
('L-2026-0142', '2025-08-26', N'Le Minh Viet', N'Truong Thanh Solar', N'Renewable Energy', N'Industry', N'Trading', N'Tien Giang', N'South', N'Won', 1080000, NULL, 135000000, 'PRD04', 'SRC02', '655612cb-fc04-4fa8-a2de-87a6a55d30c7'),
('L-2026-0143', '2025-02-18', N'Chu Duc HoaOmron Industrial VN', N'Unknown', N'Industrial Machinery', N'Industry', N'Manufacturer', N'Bac Ninh', N'North', N'Won', 3024000, NULL, 472500000, 'PRD02', 'SRC08', 'd3e4851b-02e7-4bc3-86d8-cbd82d96c2e5'),
('L-2026-0144', '2025-10-15', N'Bui Quoc Tai', N'Ricons Group', N'Construction & Infrastructure', N'Industry', N'Contractor', N'Dong Nai', N'South', N'Won', 648000, NULL, 4792500000, 'PRD04', 'SRC05', 'd3e4851b-02e7-4bc3-86d8-cbd82d96c2e5'),
('L-2026-0145', '2025-08-27', N'Luu Quoc Phuc', N'Nidec Tosok', N'Automotive & EV', N'Industry', N'Manufacturer', N'Hue', N'Central', N'Lost', 621000, N'No Decision', NULL, 'PRD04', 'SRC04', 'aa512e88-565a-44bb-84f6-612ecc49e949'),
('L-2026-0146', '2025-11-04', N'Ho Thi Ha', N'Nidec Tosok', N'Automotive & EV', N'Industry', N'Trading', N'Khanh Hoa', N'Central', N'In Negotiation', 1674000, NULL, NULL, 'PRD02', 'SRC01', '45f0d7fa-7580-4d9e-98e2-495aa86f75c9'),
('L-2026-0147', '2025-01-22', N'Dinh Hong Ngoc', N'Hoa Binh Construction', N'Construction & Infrastructure', N'Industry', N'Manufacturer', N'Ba Ria', N'South', N'Won', 4806000, NULL, 351000000, 'PRD04', 'SRC03', 'd3e4851b-02e7-4bc3-86d8-cbd82d96c2e5'),
('L-2026-0148', '2026-01-24', N'Tran Minh Khanh', N'Luxshare-ICT Vietnam', N'Industrial Machinery', N'Industry', N'Contractor', N'Tien Giang', N'South', N'Proposal Sent', 2268000, NULL, NULL, 'PRD03', 'SRC10', 'f3f1ab23-29da-4ea3-8377-befc37b314f1'),
('L-2026-0149', '2025-05-23', N'Le Ngoc Cuong', N'AC Energy Vietnam', N'Renewable Energy', N'Energy', N'Manufacturer', N'Quang Ninh', N'North', N'Lost', 3240000, N'No Budget', NULL, 'PRD04', 'SRC08', '45f0d7fa-7580-4d9e-98e2-495aa86f75c9'),
('L-2026-0150', '2025-09-15', N'Vu Huu Cuong', N'CotecLand', N'Construction & Infrastructure', N'Penetration', N'Contractor', N'Hue', N'Central', N'Lost', 5130000, N'No Budget', NULL, 'PRD04', 'SRC08', 'aa512e88-565a-44bb-84f6-612ecc49e949');
GO

-- 2.6 GENERATE LEAD STATUS HISTORY (SIMULATED FUNNEL WITH SKIPPING & REALISTIC GAPS)
INSERT INTO lead_status_history (lead_id, old_status, new_status, changed_at, changed_by_user_id, note) VALUES
('L-2026-0001', NULL, N'New', '2026-04-09 13:00:00', 'd3e4851b-02e7-4bc3-86d8-cbd82d96c2e5', NULL),
('L-2026-0002', NULL, N'New', '2025-04-17 10:00:00', 'd3e4851b-02e7-4bc3-86d8-cbd82d96c2e5', NULL),
('L-2026-0002', N'New', N'Proposal Sent', '2025-04-27 14:00:00', 'd3e4851b-02e7-4bc3-86d8-cbd82d96c2e5', NULL),
('L-2026-0002', N'Proposal Sent', N'In Negotiation', '2025-05-09 17:00:00', 'd3e4851b-02e7-4bc3-86d8-cbd82d96c2e5', NULL),
('L-2026-0002', N'In Negotiation', N'Won', '2025-06-06 19:00:00', 'd3e4851b-02e7-4bc3-86d8-cbd82d96c2e5', NULL),
('L-2026-0003', NULL, N'New', '2026-01-05 15:00:00', 'f3f1ab23-29da-4ea3-8377-befc37b314f1', NULL),
('L-2026-0003', N'New', N'Qualified', '2026-01-16 16:00:00', 'f3f1ab23-29da-4ea3-8377-befc37b314f1', NULL),
('L-2026-0003', N'Qualified', N'Proposal Sent', '2026-01-30 19:00:00', 'f3f1ab23-29da-4ea3-8377-befc37b314f1', NULL),
('L-2026-0003', N'Proposal Sent', N'In Negotiation', '2026-02-12 21:00:00', 'f3f1ab23-29da-4ea3-8377-befc37b314f1', NULL),
('L-2026-0003', N'In Negotiation', N'Won', '2026-03-01 23:00:00', 'f3f1ab23-29da-4ea3-8377-befc37b314f1', NULL),
('L-2026-0004', NULL, N'New', '2025-10-30 14:00:00', 'd3e4851b-02e7-4bc3-86d8-cbd82d96c2e5', NULL),
('L-2026-0004', N'New', N'Qualified', '2025-11-11 17:00:00', 'd3e4851b-02e7-4bc3-86d8-cbd82d96c2e5', NULL),
('L-2026-0004', N'Qualified', N'Proposal Sent', '2025-12-11 19:00:00', 'd3e4851b-02e7-4bc3-86d8-cbd82d96c2e5', NULL),
('L-2026-0004', N'Proposal Sent', N'In Negotiation', '2025-12-30 20:00:00', 'd3e4851b-02e7-4bc3-86d8-cbd82d96c2e5', NULL),
('L-2026-0005', NULL, N'New', '2026-02-16 13:00:00', '45f0d7fa-7580-4d9e-98e2-495aa86f75c9', NULL),
('L-2026-0005', N'New', N'Contacted', '2026-02-26 14:00:00', '45f0d7fa-7580-4d9e-98e2-495aa86f75c9', NULL),
('L-2026-0006', NULL, N'New', '2025-11-09 12:00:00', '655612cb-fc04-4fa8-a2de-87a6a55d30c7', NULL),
('L-2026-0006', N'New', N'Contacted', '2025-11-29 16:00:00', '655612cb-fc04-4fa8-a2de-87a6a55d30c7', NULL),
('L-2026-0006', N'Contacted', N'Qualified', '2025-12-28 19:00:00', '655612cb-fc04-4fa8-a2de-87a6a55d30c7', NULL),
('L-2026-0006', N'Qualified', N'In Negotiation', '2026-01-05 00:00:00', '655612cb-fc04-4fa8-a2de-87a6a55d30c7', NULL),
('L-2026-0006', N'In Negotiation', N'Lost', '2026-01-17 02:00:00', '655612cb-fc04-4fa8-a2de-87a6a55d30c7', N'Lost-Price'),
('L-2026-0007', NULL, N'New', '2026-04-12 15:00:00', 'f1460724-4d7f-4796-bca7-50bf1ab09811', NULL),
('L-2026-0008', NULL, N'New', '2026-03-21 16:00:00', 'f3f1ab23-29da-4ea3-8377-befc37b314f1', NULL),
('L-2026-0008', N'New', N'Qualified', '2026-04-05 19:00:00', 'f3f1ab23-29da-4ea3-8377-befc37b314f1', NULL),
('L-2026-0009', NULL, N'New', '2026-04-03 12:00:00', 'f3f1ab23-29da-4ea3-8377-befc37b314f1', NULL),
('L-2026-0010', NULL, N'New', '2025-02-03 10:00:00', '655612cb-fc04-4fa8-a2de-87a6a55d30c7', NULL),
('L-2026-0010', N'New', N'Contacted', '2025-03-04 15:00:00', '655612cb-fc04-4fa8-a2de-87a6a55d30c7', NULL),
('L-2026-0010', N'Contacted', N'Proposal Sent', '2025-03-29 17:00:00', '655612cb-fc04-4fa8-a2de-87a6a55d30c7', NULL),
('L-2026-0010', N'Proposal Sent', N'In Negotiation', '2025-04-16 22:00:00', '655612cb-fc04-4fa8-a2de-87a6a55d30c7', NULL),
('L-2026-0010', N'In Negotiation', N'Won', '2025-05-03 00:00:00', '655612cb-fc04-4fa8-a2de-87a6a55d30c7', NULL),
('L-2026-0011', NULL, N'New', '2026-04-18 12:00:00', 'd3e4851b-02e7-4bc3-86d8-cbd82d96c2e5', NULL),
('L-2026-0012', NULL, N'New', '2026-02-22 10:00:00', '655612cb-fc04-4fa8-a2de-87a6a55d30c7', NULL),
('L-2026-0012', N'New', N'Contacted', '2026-03-17 12:00:00', '655612cb-fc04-4fa8-a2de-87a6a55d30c7', NULL),
('L-2026-0013', NULL, N'New', '2026-03-04 13:00:00', 'f1460724-4d7f-4796-bca7-50bf1ab09811', NULL),
('L-2026-0013', N'New', N'Qualified', '2026-03-21 16:00:00', 'f1460724-4d7f-4796-bca7-50bf1ab09811', NULL),
('L-2026-0013', N'Qualified', N'Proposal Sent', '2026-04-16 19:00:00', 'f1460724-4d7f-4796-bca7-50bf1ab09811', NULL),
('L-2026-0014', NULL, N'New', '2026-02-01 15:00:00', 'f3f1ab23-29da-4ea3-8377-befc37b314f1', NULL),
('L-2026-0014', N'New', N'Contacted', '2026-02-24 17:00:00', 'f3f1ab23-29da-4ea3-8377-befc37b314f1', NULL),
('L-2026-0014', N'Contacted', N'Qualified', '2026-03-22 20:00:00', 'f3f1ab23-29da-4ea3-8377-befc37b314f1', NULL),
('L-2026-0014', N'Qualified', N'Proposal Sent', '2026-04-11 01:00:00', 'f3f1ab23-29da-4ea3-8377-befc37b314f1', NULL),
('L-2026-0015', NULL, N'New', '2025-09-29 15:00:00', 'f1460724-4d7f-4796-bca7-50bf1ab09811', NULL),
('L-2026-0015', N'New', N'Contacted', '2025-10-28 18:00:00', 'f1460724-4d7f-4796-bca7-50bf1ab09811', NULL),
('L-2026-0015', N'Contacted', N'Proposal Sent', '2025-10-31 20:00:00', 'f1460724-4d7f-4796-bca7-50bf1ab09811', NULL),
('L-2026-0015', N'Proposal Sent', N'In Negotiation', '2025-11-18 21:00:00', 'f1460724-4d7f-4796-bca7-50bf1ab09811', NULL),
('L-2026-0015', N'In Negotiation', N'Lost', '2025-11-26 23:00:00', 'f1460724-4d7f-4796-bca7-50bf1ab09811', N'Lost-Price'),
('L-2026-0016', NULL, N'New', '2026-02-16 08:00:00', '655612cb-fc04-4fa8-a2de-87a6a55d30c7', NULL),
('L-2026-0016', N'New', N'Contacted', '2026-03-04 12:00:00', '655612cb-fc04-4fa8-a2de-87a6a55d30c7', NULL),
('L-2026-0016', N'Contacted', N'Qualified', '2026-03-19 16:00:00', '655612cb-fc04-4fa8-a2de-87a6a55d30c7', NULL),
('L-2026-0016', N'Qualified', N'Proposal Sent', '2026-04-05 17:00:00', '655612cb-fc04-4fa8-a2de-87a6a55d30c7', NULL),
('L-2026-0017', NULL, N'New', '2026-02-04 16:00:00', '45f0d7fa-7580-4d9e-98e2-495aa86f75c9', NULL),
('L-2026-0017', N'New', N'Qualified', '2026-02-19 18:00:00', '45f0d7fa-7580-4d9e-98e2-495aa86f75c9', NULL),
('L-2026-0017', N'Qualified', N'Proposal Sent', '2026-03-09 19:00:00', '45f0d7fa-7580-4d9e-98e2-495aa86f75c9', NULL),
('L-2026-0017', N'Proposal Sent', N'In Negotiation', '2026-04-03 22:00:00', '45f0d7fa-7580-4d9e-98e2-495aa86f75c9', NULL),
('L-2026-0017', N'In Negotiation', N'Disqualified', '2026-04-23 01:00:00', '45f0d7fa-7580-4d9e-98e2-495aa86f75c9', NULL),
('L-2026-0018', NULL, N'New', '2025-03-28 10:00:00', 'aa512e88-565a-44bb-84f6-612ecc49e949', NULL),
('L-2026-0018', N'New', N'Qualified', '2025-04-21 11:00:00', 'aa512e88-565a-44bb-84f6-612ecc49e949', NULL),
('L-2026-0018', N'Qualified', N'Proposal Sent', '2025-05-07 13:00:00', 'aa512e88-565a-44bb-84f6-612ecc49e949', NULL),
('L-2026-0018', N'Proposal Sent', N'In Negotiation', '2025-05-17 15:00:00', 'aa512e88-565a-44bb-84f6-612ecc49e949', NULL),
('L-2026-0018', N'In Negotiation', N'Won', '2025-06-13 20:00:00', 'aa512e88-565a-44bb-84f6-612ecc49e949', NULL),
('L-2026-0019', NULL, N'New', '2025-08-23 09:00:00', 'f1460724-4d7f-4796-bca7-50bf1ab09811', NULL),
('L-2026-0019', N'New', N'Qualified', '2025-09-09 11:00:00', 'f1460724-4d7f-4796-bca7-50bf1ab09811', NULL),
('L-2026-0019', N'Qualified', N'In Negotiation', '2025-09-23 14:00:00', 'f1460724-4d7f-4796-bca7-50bf1ab09811', NULL),
('L-2026-0019', N'In Negotiation', N'Lost', '2025-09-27 16:00:00', 'f1460724-4d7f-4796-bca7-50bf1ab09811', N'Lost-Price'),
('L-2026-0020', NULL, N'New', '2025-12-22 17:00:00', 'f1460724-4d7f-4796-bca7-50bf1ab09811', NULL),
('L-2026-0020', N'New', N'Proposal Sent', '2025-12-28 21:00:00', 'f1460724-4d7f-4796-bca7-50bf1ab09811', NULL),
('L-2026-0020', N'Proposal Sent', N'In Negotiation', '2026-01-06 22:00:00', 'f1460724-4d7f-4796-bca7-50bf1ab09811', NULL),
('L-2026-0020', N'In Negotiation', N'Won', '2026-02-05 02:00:00', 'f1460724-4d7f-4796-bca7-50bf1ab09811', NULL),
('L-2026-0021', NULL, N'New', '2025-06-14 10:00:00', '45f0d7fa-7580-4d9e-98e2-495aa86f75c9', NULL),
('L-2026-0021', N'New', N'Contacted', '2025-07-14 14:00:00', '45f0d7fa-7580-4d9e-98e2-495aa86f75c9', NULL),
('L-2026-0021', N'Contacted', N'Proposal Sent', '2025-08-10 17:00:00', '45f0d7fa-7580-4d9e-98e2-495aa86f75c9', NULL),
('L-2026-0021', N'Proposal Sent', N'In Negotiation', '2025-09-05 21:00:00', '45f0d7fa-7580-4d9e-98e2-495aa86f75c9', NULL),
('L-2026-0021', N'In Negotiation', N'Lost', '2025-09-19 23:00:00', '45f0d7fa-7580-4d9e-98e2-495aa86f75c9', N'Lost-Price'),
('L-2026-0022', NULL, N'New', '2025-06-26 17:00:00', 'd3e4851b-02e7-4bc3-86d8-cbd82d96c2e5', NULL),
('L-2026-0022', N'New', N'Contacted', '2025-07-18 19:00:00', 'd3e4851b-02e7-4bc3-86d8-cbd82d96c2e5', NULL),
('L-2026-0022', N'Contacted', N'Proposal Sent', '2025-08-17 20:00:00', 'd3e4851b-02e7-4bc3-86d8-cbd82d96c2e5', NULL),
('L-2026-0022', N'Proposal Sent', N'In Negotiation', '2025-08-29 21:00:00', 'd3e4851b-02e7-4bc3-86d8-cbd82d96c2e5', NULL),
('L-2026-0022', N'In Negotiation', N'Won', '2025-09-22 01:00:00', 'd3e4851b-02e7-4bc3-86d8-cbd82d96c2e5', NULL),
('L-2026-0023', NULL, N'New', '2026-03-23 15:00:00', 'aa512e88-565a-44bb-84f6-612ecc49e949', NULL),
('L-2026-0024', NULL, N'New', '2025-12-02 08:00:00', '45f0d7fa-7580-4d9e-98e2-495aa86f75c9', NULL),
('L-2026-0024', N'New', N'Qualified', '2025-12-29 11:00:00', '45f0d7fa-7580-4d9e-98e2-495aa86f75c9', NULL),
('L-2026-0024', N'Qualified', N'Proposal Sent', '2026-01-15 12:00:00', '45f0d7fa-7580-4d9e-98e2-495aa86f75c9', NULL),
('L-2026-0024', N'Proposal Sent', N'In Negotiation', '2026-01-17 14:00:00', '45f0d7fa-7580-4d9e-98e2-495aa86f75c9', NULL),
('L-2026-0024', N'In Negotiation', N'Lost', '2026-01-28 18:00:00', '45f0d7fa-7580-4d9e-98e2-495aa86f75c9', N'Lost-Timing'),
('L-2026-0025', NULL, N'New', '2026-04-09 11:00:00', 'f3f1ab23-29da-4ea3-8377-befc37b314f1', NULL),
('L-2026-0026', NULL, N'New', '2024-11-29 14:00:00', 'aa512e88-565a-44bb-84f6-612ecc49e949', NULL),
('L-2026-0026', N'New', N'Qualified', '2024-12-18 19:00:00', 'aa512e88-565a-44bb-84f6-612ecc49e949', NULL),
('L-2026-0026', N'Qualified', N'Proposal Sent', '2025-01-15 20:00:00', 'aa512e88-565a-44bb-84f6-612ecc49e949', NULL),
('L-2026-0026', N'Proposal Sent', N'In Negotiation', '2025-01-28 00:00:00', 'aa512e88-565a-44bb-84f6-612ecc49e949', NULL),
('L-2026-0026', N'In Negotiation', N'Won', '2025-02-24 04:00:00', 'aa512e88-565a-44bb-84f6-612ecc49e949', NULL),
('L-2026-0027', NULL, N'New', '2025-11-21 11:00:00', '45f0d7fa-7580-4d9e-98e2-495aa86f75c9', NULL),
('L-2026-0027', N'New', N'Qualified', '2025-11-29 14:00:00', '45f0d7fa-7580-4d9e-98e2-495aa86f75c9', NULL),
('L-2026-0027', N'Qualified', N'Proposal Sent', '2025-12-07 15:00:00', '45f0d7fa-7580-4d9e-98e2-495aa86f75c9', NULL),
('L-2026-0027', N'Proposal Sent', N'In Negotiation', '2025-12-13 16:00:00', '45f0d7fa-7580-4d9e-98e2-495aa86f75c9', NULL),
('L-2026-0028', NULL, N'New', '2026-02-06 11:00:00', 'aa512e88-565a-44bb-84f6-612ecc49e949', NULL),
('L-2026-0028', N'New', N'Contacted', '2026-02-17 14:00:00', 'aa512e88-565a-44bb-84f6-612ecc49e949', NULL),
('L-2026-0028', N'Contacted', N'Qualified', '2026-03-10 17:00:00', 'aa512e88-565a-44bb-84f6-612ecc49e949', NULL),
('L-2026-0029', NULL, N'New', '2025-04-15 17:00:00', '655612cb-fc04-4fa8-a2de-87a6a55d30c7', NULL),
('L-2026-0029', N'New', N'Proposal Sent', '2025-05-06 20:00:00', '655612cb-fc04-4fa8-a2de-87a6a55d30c7', NULL),
('L-2026-0029', N'Proposal Sent', N'In Negotiation', '2025-05-27 21:00:00', '655612cb-fc04-4fa8-a2de-87a6a55d30c7', NULL),
('L-2026-0029', N'In Negotiation', N'Won', '2025-06-19 23:00:00', '655612cb-fc04-4fa8-a2de-87a6a55d30c7', NULL),
('L-2026-0030', NULL, N'New', '2026-01-30 12:00:00', '45f0d7fa-7580-4d9e-98e2-495aa86f75c9', NULL),
('L-2026-0030', N'New', N'Contacted', '2026-02-07 14:00:00', '45f0d7fa-7580-4d9e-98e2-495aa86f75c9', NULL),
('L-2026-0030', N'Contacted', N'Qualified', '2026-02-14 17:00:00', '45f0d7fa-7580-4d9e-98e2-495aa86f75c9', NULL),
('L-2026-0030', N'Qualified', N'Proposal Sent', '2026-02-25 20:00:00', '45f0d7fa-7580-4d9e-98e2-495aa86f75c9', NULL),
('L-2026-0031', NULL, N'New', '2025-12-24 16:00:00', 'd3e4851b-02e7-4bc3-86d8-cbd82d96c2e5', NULL),
('L-2026-0031', N'New', N'Proposal Sent', '2026-01-23 18:00:00', 'd3e4851b-02e7-4bc3-86d8-cbd82d96c2e5', NULL),
('L-2026-0031', N'Proposal Sent', N'In Negotiation', '2026-02-03 21:00:00', 'd3e4851b-02e7-4bc3-86d8-cbd82d96c2e5', NULL),
('L-2026-0031', N'In Negotiation', N'Won', '2026-02-28 02:00:00', 'd3e4851b-02e7-4bc3-86d8-cbd82d96c2e5', NULL),
('L-2026-0032', NULL, N'New', '2025-12-17 09:00:00', 'f1460724-4d7f-4796-bca7-50bf1ab09811', NULL),
('L-2026-0032', N'New', N'Qualified', '2025-12-26 10:00:00', 'f1460724-4d7f-4796-bca7-50bf1ab09811', NULL),
('L-2026-0032', N'Qualified', N'In Negotiation', '2026-01-03 13:00:00', 'f1460724-4d7f-4796-bca7-50bf1ab09811', NULL),
('L-2026-0033', NULL, N'New', '2026-03-20 15:00:00', 'f1460724-4d7f-4796-bca7-50bf1ab09811', NULL),
('L-2026-0033', N'New', N'Contacted', '2026-04-03 17:00:00', 'f1460724-4d7f-4796-bca7-50bf1ab09811', NULL),
('L-2026-0033', N'Contacted', N'Qualified', '2026-04-20 18:00:00', 'f1460724-4d7f-4796-bca7-50bf1ab09811', NULL),
('L-2026-0034', NULL, N'New', '2025-09-08 09:00:00', 'd3e4851b-02e7-4bc3-86d8-cbd82d96c2e5', NULL),
('L-2026-0034', N'New', N'Contacted', '2025-09-13 10:00:00', 'd3e4851b-02e7-4bc3-86d8-cbd82d96c2e5', NULL),
('L-2026-0034', N'Contacted', N'Proposal Sent', '2025-10-01 13:00:00', 'd3e4851b-02e7-4bc3-86d8-cbd82d96c2e5', NULL),
('L-2026-0034', N'Proposal Sent', N'In Negotiation', '2025-10-13 14:00:00', 'd3e4851b-02e7-4bc3-86d8-cbd82d96c2e5', NULL),
('L-2026-0034', N'In Negotiation', N'Lost', '2025-10-30 19:00:00', 'd3e4851b-02e7-4bc3-86d8-cbd82d96c2e5', N'Lost-No Budget'),
('L-2026-0035', NULL, N'New', '2025-01-02 16:00:00', '655612cb-fc04-4fa8-a2de-87a6a55d30c7', NULL),
('L-2026-0035', N'New', N'Qualified', '2025-01-04 18:00:00', '655612cb-fc04-4fa8-a2de-87a6a55d30c7', NULL),
('L-2026-0035', N'Qualified', N'Proposal Sent', '2025-01-08 23:00:00', '655612cb-fc04-4fa8-a2de-87a6a55d30c7', NULL),
('L-2026-0035', N'Proposal Sent', N'In Negotiation', '2025-02-04 02:00:00', '655612cb-fc04-4fa8-a2de-87a6a55d30c7', NULL),
('L-2026-0035', N'In Negotiation', N'Won', '2025-02-24 06:00:00', '655612cb-fc04-4fa8-a2de-87a6a55d30c7', NULL),
('L-2026-0036', NULL, N'New', '2025-09-02 10:00:00', 'f1460724-4d7f-4796-bca7-50bf1ab09811', NULL),
('L-2026-0036', N'New', N'Qualified', '2025-09-11 14:00:00', 'f1460724-4d7f-4796-bca7-50bf1ab09811', NULL),
('L-2026-0036', N'Qualified', N'In Negotiation', '2025-09-22 16:00:00', 'f1460724-4d7f-4796-bca7-50bf1ab09811', NULL),
('L-2026-0036', N'In Negotiation', N'Lost', '2025-10-16 20:00:00', 'f1460724-4d7f-4796-bca7-50bf1ab09811', N'Lost-Product Fit'),
('L-2026-0037', NULL, N'New', '2025-09-10 11:00:00', 'aa512e88-565a-44bb-84f6-612ecc49e949', NULL),
('L-2026-0037', N'New', N'Contacted', '2025-10-05 16:00:00', 'aa512e88-565a-44bb-84f6-612ecc49e949', NULL),
('L-2026-0037', N'Contacted', N'Proposal Sent', '2025-10-13 20:00:00', 'aa512e88-565a-44bb-84f6-612ecc49e949', NULL),
('L-2026-0037', N'Proposal Sent', N'In Negotiation', '2025-11-12 01:00:00', 'aa512e88-565a-44bb-84f6-612ecc49e949', NULL),
('L-2026-0037', N'In Negotiation', N'Lost', '2025-11-27 05:00:00', 'aa512e88-565a-44bb-84f6-612ecc49e949', N'Lost-Competitor'),
('L-2026-0038', NULL, N'New', '2025-12-18 11:00:00', 'd3e4851b-02e7-4bc3-86d8-cbd82d96c2e5', NULL),
('L-2026-0038', N'New', N'Qualified', '2025-12-25 15:00:00', 'd3e4851b-02e7-4bc3-86d8-cbd82d96c2e5', NULL),
('L-2026-0038', N'Qualified', N'In Negotiation', '2026-01-19 16:00:00', 'd3e4851b-02e7-4bc3-86d8-cbd82d96c2e5', NULL),
('L-2026-0038', N'In Negotiation', N'Disqualified', '2026-02-16 17:00:00', 'd3e4851b-02e7-4bc3-86d8-cbd82d96c2e5', NULL),
('L-2026-0039', NULL, N'New', '2026-02-12 10:00:00', '45f0d7fa-7580-4d9e-98e2-495aa86f75c9', NULL),
('L-2026-0039', N'New', N'Contacted', '2026-03-13 13:00:00', '45f0d7fa-7580-4d9e-98e2-495aa86f75c9', NULL),
('L-2026-0039', N'Contacted', N'Proposal Sent', '2026-04-02 14:00:00', '45f0d7fa-7580-4d9e-98e2-495aa86f75c9', NULL),
('L-2026-0039', N'Proposal Sent', N'In Negotiation', '2026-04-20 15:00:00', '45f0d7fa-7580-4d9e-98e2-495aa86f75c9', NULL),
('L-2026-0039', N'In Negotiation', N'Lost', '2026-05-20 18:00:00', '45f0d7fa-7580-4d9e-98e2-495aa86f75c9', N'Lost-Price'),
('L-2026-0040', NULL, N'New', '2026-02-10 12:00:00', '655612cb-fc04-4fa8-a2de-87a6a55d30c7', NULL),
('L-2026-0040', N'New', N'Contacted', '2026-02-19 17:00:00', '655612cb-fc04-4fa8-a2de-87a6a55d30c7', NULL),
('L-2026-0041', NULL, N'New', '2025-05-12 14:00:00', 'aa512e88-565a-44bb-84f6-612ecc49e949', NULL),
('L-2026-0041', N'New', N'Contacted', '2025-05-26 15:00:00', 'aa512e88-565a-44bb-84f6-612ecc49e949', NULL),
('L-2026-0041', N'Contacted', N'Proposal Sent', '2025-06-03 17:00:00', 'aa512e88-565a-44bb-84f6-612ecc49e949', NULL),
('L-2026-0041', N'Proposal Sent', N'In Negotiation', '2025-06-26 18:00:00', 'aa512e88-565a-44bb-84f6-612ecc49e949', NULL),
('L-2026-0041', N'In Negotiation', N'Lost', '2025-07-16 23:00:00', 'aa512e88-565a-44bb-84f6-612ecc49e949', N'Lost-Competitor'),
('L-2026-0042', NULL, N'New', '2026-03-23 17:00:00', '45f0d7fa-7580-4d9e-98e2-495aa86f75c9', NULL),
('L-2026-0043', NULL, N'New', '2025-08-03 10:00:00', 'f1460724-4d7f-4796-bca7-50bf1ab09811', NULL),
('L-2026-0043', N'New', N'Qualified', '2025-08-19 13:00:00', 'f1460724-4d7f-4796-bca7-50bf1ab09811', NULL),
('L-2026-0043', N'Qualified', N'Proposal Sent', '2025-08-21 16:00:00', 'f1460724-4d7f-4796-bca7-50bf1ab09811', NULL),
('L-2026-0043', N'Proposal Sent', N'In Negotiation', '2025-09-18 18:00:00', 'f1460724-4d7f-4796-bca7-50bf1ab09811', NULL),
('L-2026-0043', N'In Negotiation', N'Won', '2025-09-30 22:00:00', 'f1460724-4d7f-4796-bca7-50bf1ab09811', NULL),
('L-2026-0044', NULL, N'New', '2025-04-28 14:00:00', '45f0d7fa-7580-4d9e-98e2-495aa86f75c9', NULL),
('L-2026-0044', N'New', N'Qualified', '2025-05-27 19:00:00', '45f0d7fa-7580-4d9e-98e2-495aa86f75c9', NULL),
('L-2026-0044', N'Qualified', N'Proposal Sent', '2025-05-31 22:00:00', '45f0d7fa-7580-4d9e-98e2-495aa86f75c9', NULL),
('L-2026-0044', N'Proposal Sent', N'In Negotiation', '2025-06-06 02:00:00', '45f0d7fa-7580-4d9e-98e2-495aa86f75c9', NULL),
('L-2026-0044', N'In Negotiation', N'Won', '2025-07-04 03:00:00', '45f0d7fa-7580-4d9e-98e2-495aa86f75c9', NULL),
('L-2026-0045', NULL, N'New', '2025-09-16 09:00:00', 'f3f1ab23-29da-4ea3-8377-befc37b314f1', NULL),
('L-2026-0045', N'New', N'Contacted', '2025-10-09 14:00:00', 'f3f1ab23-29da-4ea3-8377-befc37b314f1', NULL),
('L-2026-0045', N'Contacted', N'Proposal Sent', '2025-10-18 19:00:00', 'f3f1ab23-29da-4ea3-8377-befc37b314f1', NULL),
('L-2026-0045', N'Proposal Sent', N'In Negotiation', '2025-10-27 21:00:00', 'f3f1ab23-29da-4ea3-8377-befc37b314f1', NULL),
('L-2026-0045', N'In Negotiation', N'Lost', '2025-10-30 02:00:00', 'f3f1ab23-29da-4ea3-8377-befc37b314f1', N'Lost-Timing'),
('L-2026-0046', NULL, N'New', '2026-03-23 16:00:00', 'f3f1ab23-29da-4ea3-8377-befc37b314f1', NULL),
('L-2026-0047', NULL, N'New', '2026-03-11 10:00:00', 'f1460724-4d7f-4796-bca7-50bf1ab09811', NULL),
('L-2026-0047', N'New', N'Contacted', '2026-03-17 14:00:00', 'f1460724-4d7f-4796-bca7-50bf1ab09811', NULL),
('L-2026-0048', NULL, N'New', '2026-02-02 14:00:00', 'f3f1ab23-29da-4ea3-8377-befc37b314f1', NULL),
('L-2026-0048', N'New', N'Qualified', '2026-02-18 16:00:00', 'f3f1ab23-29da-4ea3-8377-befc37b314f1', NULL),
('L-2026-0048', N'Qualified', N'Proposal Sent', '2026-03-04 20:00:00', 'f3f1ab23-29da-4ea3-8377-befc37b314f1', NULL),
('L-2026-0048', N'Proposal Sent', N'In Negotiation', '2026-03-25 01:00:00', 'f3f1ab23-29da-4ea3-8377-befc37b314f1', NULL),
('L-2026-0049', NULL, N'New', '2026-02-08 12:00:00', 'f3f1ab23-29da-4ea3-8377-befc37b314f1', NULL),
('L-2026-0049', N'New', N'Qualified', '2026-03-01 13:00:00', 'f3f1ab23-29da-4ea3-8377-befc37b314f1', NULL),
('L-2026-0049', N'Qualified', N'Proposal Sent', '2026-03-08 16:00:00', 'f3f1ab23-29da-4ea3-8377-befc37b314f1', NULL),
('L-2026-0050', NULL, N'New', '2025-10-31 09:00:00', '45f0d7fa-7580-4d9e-98e2-495aa86f75c9', NULL),
('L-2026-0050', N'New', N'Qualified', '2025-11-18 14:00:00', '45f0d7fa-7580-4d9e-98e2-495aa86f75c9', NULL),
('L-2026-0050', N'Qualified', N'In Negotiation', '2025-12-07 16:00:00', '45f0d7fa-7580-4d9e-98e2-495aa86f75c9', NULL),
('L-2026-0050', N'In Negotiation', N'Disqualified', '2026-01-05 17:00:00', '45f0d7fa-7580-4d9e-98e2-495aa86f75c9', NULL),
('L-2026-0051', NULL, N'New', '2025-10-24 16:00:00', 'aa512e88-565a-44bb-84f6-612ecc49e949', NULL),
('L-2026-0051', N'New', N'Qualified', '2025-11-05 21:00:00', 'aa512e88-565a-44bb-84f6-612ecc49e949', NULL),
('L-2026-0051', N'Qualified', N'In Negotiation', '2025-11-10 23:00:00', 'aa512e88-565a-44bb-84f6-612ecc49e949', NULL),
('L-2026-0052', NULL, N'New', '2025-07-29 09:00:00', 'd3e4851b-02e7-4bc3-86d8-cbd82d96c2e5', NULL),
('L-2026-0052', N'New', N'Qualified', '2025-08-08 14:00:00', 'd3e4851b-02e7-4bc3-86d8-cbd82d96c2e5', NULL),
('L-2026-0052', N'Qualified', N'Proposal Sent', '2025-08-17 15:00:00', 'd3e4851b-02e7-4bc3-86d8-cbd82d96c2e5', NULL),
('L-2026-0052', N'Proposal Sent', N'In Negotiation', '2025-09-10 20:00:00', 'd3e4851b-02e7-4bc3-86d8-cbd82d96c2e5', NULL),
('L-2026-0052', N'In Negotiation', N'Won', '2025-09-15 00:00:00', 'd3e4851b-02e7-4bc3-86d8-cbd82d96c2e5', NULL),
('L-2026-0053', NULL, N'New', '2026-01-18 15:00:00', 'd3e4851b-02e7-4bc3-86d8-cbd82d96c2e5', NULL),
('L-2026-0053', N'New', N'Contacted', '2026-02-10 17:00:00', 'd3e4851b-02e7-4bc3-86d8-cbd82d96c2e5', NULL),
('L-2026-0054', NULL, N'New', '2025-08-07 10:00:00', '45f0d7fa-7580-4d9e-98e2-495aa86f75c9', NULL),
('L-2026-0054', N'New', N'Proposal Sent', '2025-08-17 12:00:00', '45f0d7fa-7580-4d9e-98e2-495aa86f75c9', NULL),
('L-2026-0054', N'Proposal Sent', N'In Negotiation', '2025-09-13 13:00:00', '45f0d7fa-7580-4d9e-98e2-495aa86f75c9', NULL),
('L-2026-0054', N'In Negotiation', N'Won', '2025-10-03 16:00:00', '45f0d7fa-7580-4d9e-98e2-495aa86f75c9', NULL),
('L-2026-0055', NULL, N'New', '2026-02-04 16:00:00', 'f3f1ab23-29da-4ea3-8377-befc37b314f1', NULL),
('L-2026-0055', N'New', N'Contacted', '2026-02-15 17:00:00', 'f3f1ab23-29da-4ea3-8377-befc37b314f1', NULL),
('L-2026-0056', NULL, N'New', '2026-01-11 10:00:00', 'f1460724-4d7f-4796-bca7-50bf1ab09811', NULL),
('L-2026-0056', N'New', N'Contacted', '2026-01-19 14:00:00', 'f1460724-4d7f-4796-bca7-50bf1ab09811', NULL),
('L-2026-0056', N'Contacted', N'Qualified', '2026-01-30 19:00:00', 'f1460724-4d7f-4796-bca7-50bf1ab09811', NULL),
('L-2026-0056', N'Qualified', N'In Negotiation', '2026-02-10 21:00:00', 'f1460724-4d7f-4796-bca7-50bf1ab09811', NULL),
('L-2026-0056', N'In Negotiation', N'Lost', '2026-03-12 01:00:00', 'f1460724-4d7f-4796-bca7-50bf1ab09811', N'Lost-Timing'),
('L-2026-0057', NULL, N'New', '2026-01-24 16:00:00', '45f0d7fa-7580-4d9e-98e2-495aa86f75c9', NULL),
('L-2026-0057', N'New', N'Qualified', '2026-02-11 19:00:00', '45f0d7fa-7580-4d9e-98e2-495aa86f75c9', NULL),
('L-2026-0057', N'Qualified', N'In Negotiation', '2026-02-21 22:00:00', '45f0d7fa-7580-4d9e-98e2-495aa86f75c9', NULL),
('L-2026-0057', N'In Negotiation', N'Disqualified', '2026-02-28 23:00:00', '45f0d7fa-7580-4d9e-98e2-495aa86f75c9', NULL),
('L-2026-0058', NULL, N'New', '2025-11-24 14:00:00', 'aa512e88-565a-44bb-84f6-612ecc49e949', NULL),
('L-2026-0058', N'New', N'Qualified', '2025-12-24 17:00:00', 'aa512e88-565a-44bb-84f6-612ecc49e949', NULL),
('L-2026-0058', N'Qualified', N'Proposal Sent', '2026-01-09 18:00:00', 'aa512e88-565a-44bb-84f6-612ecc49e949', NULL),
('L-2026-0059', NULL, N'New', '2026-01-14 14:00:00', '655612cb-fc04-4fa8-a2de-87a6a55d30c7', NULL),
('L-2026-0059', N'New', N'Qualified', '2026-01-27 17:00:00', '655612cb-fc04-4fa8-a2de-87a6a55d30c7', NULL),
('L-2026-0059', N'Qualified', N'Proposal Sent', '2026-02-06 22:00:00', '655612cb-fc04-4fa8-a2de-87a6a55d30c7', NULL),
('L-2026-0060', NULL, N'New', '2026-03-28 17:00:00', '655612cb-fc04-4fa8-a2de-87a6a55d30c7', NULL),
('L-2026-0061', NULL, N'New', '2026-01-23 15:00:00', '45f0d7fa-7580-4d9e-98e2-495aa86f75c9', NULL),
('L-2026-0061', N'New', N'Qualified', '2026-02-08 17:00:00', '45f0d7fa-7580-4d9e-98e2-495aa86f75c9', NULL),
('L-2026-0061', N'Qualified', N'Proposal Sent', '2026-02-10 21:00:00', '45f0d7fa-7580-4d9e-98e2-495aa86f75c9', NULL),
('L-2026-0062', NULL, N'New', '2025-07-24 09:00:00', 'aa512e88-565a-44bb-84f6-612ecc49e949', NULL),
('L-2026-0062', N'New', N'Contacted', '2025-08-06 14:00:00', 'aa512e88-565a-44bb-84f6-612ecc49e949', NULL),
('L-2026-0062', N'Contacted', N'Qualified', '2025-08-26 18:00:00', 'aa512e88-565a-44bb-84f6-612ecc49e949', NULL),
('L-2026-0062', N'Qualified', N'Proposal Sent', '2025-09-07 21:00:00', 'aa512e88-565a-44bb-84f6-612ecc49e949', NULL),
('L-2026-0062', N'Proposal Sent', N'In Negotiation', '2025-09-17 00:00:00', 'aa512e88-565a-44bb-84f6-612ecc49e949', NULL),
('L-2026-0062', N'In Negotiation', N'Lost', '2025-10-15 02:00:00', 'aa512e88-565a-44bb-84f6-612ecc49e949', N'Lost-Price'),
('L-2026-0063', NULL, N'New', '2025-10-20 11:00:00', 'aa512e88-565a-44bb-84f6-612ecc49e949', NULL),
('L-2026-0063', N'New', N'Qualified', '2025-11-02 16:00:00', 'aa512e88-565a-44bb-84f6-612ecc49e949', NULL),
('L-2026-0063', N'Qualified', N'Proposal Sent', '2025-11-12 20:00:00', 'aa512e88-565a-44bb-84f6-612ecc49e949', NULL),
('L-2026-0063', N'Proposal Sent', N'In Negotiation', '2025-11-22 22:00:00', 'aa512e88-565a-44bb-84f6-612ecc49e949', NULL),
('L-2026-0063', N'In Negotiation', N'Lost', '2025-12-19 23:00:00', 'aa512e88-565a-44bb-84f6-612ecc49e949', N'Lost-Competitor'),
('L-2026-0064', NULL, N'New', '2026-03-23 09:00:00', 'd3e4851b-02e7-4bc3-86d8-cbd82d96c2e5', NULL),
('L-2026-0064', N'New', N'Contacted', '2026-04-14 11:00:00', 'd3e4851b-02e7-4bc3-86d8-cbd82d96c2e5', NULL),
('L-2026-0065', NULL, N'New', '2025-11-12 16:00:00', 'f3f1ab23-29da-4ea3-8377-befc37b314f1', NULL),
('L-2026-0065', N'New', N'Qualified', '2025-12-05 21:00:00', 'f3f1ab23-29da-4ea3-8377-befc37b314f1', NULL),
('L-2026-0065', N'Qualified', N'Proposal Sent', '2025-12-12 01:00:00', 'f3f1ab23-29da-4ea3-8377-befc37b314f1', NULL),
('L-2026-0065', N'Proposal Sent', N'In Negotiation', '2026-01-06 06:00:00', 'f3f1ab23-29da-4ea3-8377-befc37b314f1', NULL),
('L-2026-0065', N'In Negotiation', N'Lost', '2026-02-05 08:00:00', 'f3f1ab23-29da-4ea3-8377-befc37b314f1', N'Lost-Competitor'),
('L-2026-0066', NULL, N'New', '2025-12-10 11:00:00', 'f1460724-4d7f-4796-bca7-50bf1ab09811', NULL),
('L-2026-0066', N'New', N'Qualified', '2025-12-27 14:00:00', 'f1460724-4d7f-4796-bca7-50bf1ab09811', NULL),
('L-2026-0066', N'Qualified', N'Proposal Sent', '2026-01-12 19:00:00', 'f1460724-4d7f-4796-bca7-50bf1ab09811', NULL),
('L-2026-0066', N'Proposal Sent', N'In Negotiation', '2026-01-26 22:00:00', 'f1460724-4d7f-4796-bca7-50bf1ab09811', NULL),
('L-2026-0066', N'In Negotiation', N'Won', '2026-02-14 03:00:00', 'f1460724-4d7f-4796-bca7-50bf1ab09811', NULL),
('L-2026-0067', NULL, N'New', '2026-02-04 17:00:00', 'aa512e88-565a-44bb-84f6-612ecc49e949', NULL),
('L-2026-0067', N'New', N'Contacted', '2026-02-15 21:00:00', 'aa512e88-565a-44bb-84f6-612ecc49e949', NULL),
('L-2026-0067', N'Contacted', N'Proposal Sent', '2026-03-08 02:00:00', 'aa512e88-565a-44bb-84f6-612ecc49e949', NULL),
('L-2026-0067', N'Proposal Sent', N'In Negotiation', '2026-03-23 07:00:00', 'aa512e88-565a-44bb-84f6-612ecc49e949', NULL),
('L-2026-0067', N'In Negotiation', N'Disqualified', '2026-04-02 09:00:00', 'aa512e88-565a-44bb-84f6-612ecc49e949', NULL),
('L-2026-0068', NULL, N'New', '2025-08-24 14:00:00', '45f0d7fa-7580-4d9e-98e2-495aa86f75c9', NULL),
('L-2026-0068', N'New', N'Qualified', '2025-09-11 17:00:00', '45f0d7fa-7580-4d9e-98e2-495aa86f75c9', NULL),
('L-2026-0068', N'Qualified', N'Proposal Sent', '2025-09-22 19:00:00', '45f0d7fa-7580-4d9e-98e2-495aa86f75c9', NULL),
('L-2026-0068', N'Proposal Sent', N'In Negotiation', '2025-10-03 22:00:00', '45f0d7fa-7580-4d9e-98e2-495aa86f75c9', NULL),
('L-2026-0068', N'In Negotiation', N'Won', '2025-10-24 23:00:00', '45f0d7fa-7580-4d9e-98e2-495aa86f75c9', NULL),
('L-2026-0069', NULL, N'New', '2026-02-09 08:00:00', 'd3e4851b-02e7-4bc3-86d8-cbd82d96c2e5', NULL),
('L-2026-0069', N'New', N'Qualified', '2026-02-14 10:00:00', 'd3e4851b-02e7-4bc3-86d8-cbd82d96c2e5', NULL),
('L-2026-0069', N'Qualified', N'In Negotiation', '2026-03-08 15:00:00', 'd3e4851b-02e7-4bc3-86d8-cbd82d96c2e5', NULL),
('L-2026-0069', N'In Negotiation', N'Disqualified', '2026-03-25 16:00:00', 'd3e4851b-02e7-4bc3-86d8-cbd82d96c2e5', NULL),
('L-2026-0070', NULL, N'New', '2026-01-25 09:00:00', '45f0d7fa-7580-4d9e-98e2-495aa86f75c9', NULL),
('L-2026-0070', N'New', N'Contacted', '2026-01-27 14:00:00', '45f0d7fa-7580-4d9e-98e2-495aa86f75c9', NULL),
('L-2026-0071', NULL, N'New', '2025-03-20 11:00:00', '45f0d7fa-7580-4d9e-98e2-495aa86f75c9', NULL),
('L-2026-0071', N'New', N'Qualified', '2025-04-16 15:00:00', '45f0d7fa-7580-4d9e-98e2-495aa86f75c9', NULL),
('L-2026-0071', N'Qualified', N'Proposal Sent', '2025-04-18 20:00:00', '45f0d7fa-7580-4d9e-98e2-495aa86f75c9', NULL),
('L-2026-0071', N'Proposal Sent', N'In Negotiation', '2025-05-17 01:00:00', '45f0d7fa-7580-4d9e-98e2-495aa86f75c9', NULL),
('L-2026-0071', N'In Negotiation', N'Lost', '2025-06-02 05:00:00', '45f0d7fa-7580-4d9e-98e2-495aa86f75c9', N'Lost-Timing'),
('L-2026-0072', NULL, N'New', '2025-05-15 12:00:00', 'f3f1ab23-29da-4ea3-8377-befc37b314f1', NULL),
('L-2026-0072', N'New', N'Contacted', '2025-05-22 13:00:00', 'f3f1ab23-29da-4ea3-8377-befc37b314f1', NULL),
('L-2026-0072', N'Contacted', N'Proposal Sent', '2025-06-14 14:00:00', 'f3f1ab23-29da-4ea3-8377-befc37b314f1', NULL),
('L-2026-0072', N'Proposal Sent', N'In Negotiation', '2025-07-14 17:00:00', 'f3f1ab23-29da-4ea3-8377-befc37b314f1', NULL),
('L-2026-0072', N'In Negotiation', N'Lost', '2025-07-28 19:00:00', 'f3f1ab23-29da-4ea3-8377-befc37b314f1', N'Lost-No Decision'),
('L-2026-0073', NULL, N'New', '2025-09-02 11:00:00', '655612cb-fc04-4fa8-a2de-87a6a55d30c7', NULL),
('L-2026-0073', N'New', N'Contacted', '2025-09-09 15:00:00', '655612cb-fc04-4fa8-a2de-87a6a55d30c7', NULL),
('L-2026-0073', N'Contacted', N'Proposal Sent', '2025-09-25 18:00:00', '655612cb-fc04-4fa8-a2de-87a6a55d30c7', NULL),
('L-2026-0073', N'Proposal Sent', N'In Negotiation', '2025-10-03 21:00:00', '655612cb-fc04-4fa8-a2de-87a6a55d30c7', NULL),
('L-2026-0073', N'In Negotiation', N'Won', '2025-11-02 01:00:00', '655612cb-fc04-4fa8-a2de-87a6a55d30c7', NULL),
('L-2026-0074', NULL, N'New', '2026-03-29 16:00:00', 'f1460724-4d7f-4796-bca7-50bf1ab09811', NULL),
('L-2026-0075', NULL, N'New', '2025-05-02 11:00:00', '45f0d7fa-7580-4d9e-98e2-495aa86f75c9', NULL),
('L-2026-0075', N'New', N'Qualified', '2025-05-11 13:00:00', '45f0d7fa-7580-4d9e-98e2-495aa86f75c9', NULL),
('L-2026-0075', N'Qualified', N'Proposal Sent', '2025-06-08 17:00:00', '45f0d7fa-7580-4d9e-98e2-495aa86f75c9', NULL),
('L-2026-0075', N'Proposal Sent', N'In Negotiation', '2025-06-24 19:00:00', '45f0d7fa-7580-4d9e-98e2-495aa86f75c9', NULL),
('L-2026-0075', N'In Negotiation', N'Lost', '2025-07-14 23:00:00', '45f0d7fa-7580-4d9e-98e2-495aa86f75c9', N'Lost-Timing'),
('L-2026-0076', NULL, N'New', '2025-12-01 14:00:00', 'd3e4851b-02e7-4bc3-86d8-cbd82d96c2e5', NULL),
('L-2026-0076', N'New', N'Contacted', '2025-12-21 18:00:00', 'd3e4851b-02e7-4bc3-86d8-cbd82d96c2e5', NULL),
('L-2026-0076', N'Contacted', N'Proposal Sent', '2026-01-17 21:00:00', 'd3e4851b-02e7-4bc3-86d8-cbd82d96c2e5', NULL),
('L-2026-0076', N'Proposal Sent', N'In Negotiation', '2026-02-12 01:00:00', 'd3e4851b-02e7-4bc3-86d8-cbd82d96c2e5', NULL),
('L-2026-0077', NULL, N'New', '2026-03-19 08:00:00', '45f0d7fa-7580-4d9e-98e2-495aa86f75c9', NULL),
('L-2026-0077', N'New', N'Contacted', '2026-03-31 11:00:00', '45f0d7fa-7580-4d9e-98e2-495aa86f75c9', NULL),
('L-2026-0078', NULL, N'New', '2025-08-16 08:00:00', '45f0d7fa-7580-4d9e-98e2-495aa86f75c9', NULL),
('L-2026-0078', N'New', N'Qualified', '2025-08-30 12:00:00', '45f0d7fa-7580-4d9e-98e2-495aa86f75c9', NULL),
('L-2026-0078', N'Qualified', N'Proposal Sent', '2025-09-16 14:00:00', '45f0d7fa-7580-4d9e-98e2-495aa86f75c9', NULL),
('L-2026-0078', N'Proposal Sent', N'In Negotiation', '2025-09-23 16:00:00', '45f0d7fa-7580-4d9e-98e2-495aa86f75c9', NULL),
('L-2026-0078', N'In Negotiation', N'Lost', '2025-10-19 19:00:00', '45f0d7fa-7580-4d9e-98e2-495aa86f75c9', N'Lost-No Budget'),
('L-2026-0079', NULL, N'New', '2024-12-23 16:00:00', 'f3f1ab23-29da-4ea3-8377-befc37b314f1', NULL),
('L-2026-0079', N'New', N'Qualified', '2025-01-02 17:00:00', 'f3f1ab23-29da-4ea3-8377-befc37b314f1', NULL),
('L-2026-0079', N'Qualified', N'Proposal Sent', '2025-01-07 19:00:00', 'f3f1ab23-29da-4ea3-8377-befc37b314f1', NULL),
('L-2026-0079', N'Proposal Sent', N'In Negotiation', '2025-01-11 23:00:00', 'f3f1ab23-29da-4ea3-8377-befc37b314f1', NULL),
('L-2026-0079', N'In Negotiation', N'Won', '2025-02-02 04:00:00', 'f3f1ab23-29da-4ea3-8377-befc37b314f1', NULL),
('L-2026-0080', NULL, N'New', '2026-01-23 16:00:00', 'f1460724-4d7f-4796-bca7-50bf1ab09811', NULL),
('L-2026-0080', N'New', N'Qualified', '2026-02-09 18:00:00', 'f1460724-4d7f-4796-bca7-50bf1ab09811', NULL),
('L-2026-0080', N'Qualified', N'In Negotiation', '2026-02-17 22:00:00', 'f1460724-4d7f-4796-bca7-50bf1ab09811', NULL),
('L-2026-0081', NULL, N'New', '2025-04-24 08:00:00', 'f1460724-4d7f-4796-bca7-50bf1ab09811', NULL),
('L-2026-0081', N'New', N'Qualified', '2025-04-28 13:00:00', 'f1460724-4d7f-4796-bca7-50bf1ab09811', NULL),
('L-2026-0081', N'Qualified', N'In Negotiation', '2025-05-04 17:00:00', 'f1460724-4d7f-4796-bca7-50bf1ab09811', NULL),
('L-2026-0081', N'In Negotiation', N'Lost', '2025-05-26 19:00:00', 'f1460724-4d7f-4796-bca7-50bf1ab09811', N'Lost-Competitor'),
('L-2026-0082', NULL, N'New', '2025-11-12 09:00:00', 'd3e4851b-02e7-4bc3-86d8-cbd82d96c2e5', NULL),
('L-2026-0082', N'New', N'Contacted', '2025-11-22 10:00:00', 'd3e4851b-02e7-4bc3-86d8-cbd82d96c2e5', NULL),
('L-2026-0082', N'Contacted', N'Proposal Sent', '2025-12-21 14:00:00', 'd3e4851b-02e7-4bc3-86d8-cbd82d96c2e5', NULL),
('L-2026-0082', N'Proposal Sent', N'In Negotiation', '2026-01-12 18:00:00', 'd3e4851b-02e7-4bc3-86d8-cbd82d96c2e5', NULL),
('L-2026-0082', N'In Negotiation', N'Won', '2026-02-02 19:00:00', 'd3e4851b-02e7-4bc3-86d8-cbd82d96c2e5', NULL),
('L-2026-0083', NULL, N'New', '2025-11-22 10:00:00', '655612cb-fc04-4fa8-a2de-87a6a55d30c7', NULL),
('L-2026-0083', N'New', N'Qualified', '2025-12-13 11:00:00', '655612cb-fc04-4fa8-a2de-87a6a55d30c7', NULL),
('L-2026-0083', N'Qualified', N'Proposal Sent', '2025-12-26 16:00:00', '655612cb-fc04-4fa8-a2de-87a6a55d30c7', NULL),
('L-2026-0083', N'Proposal Sent', N'In Negotiation', '2026-01-11 19:00:00', '655612cb-fc04-4fa8-a2de-87a6a55d30c7', NULL),
('L-2026-0084', NULL, N'New', '2026-03-09 17:00:00', 'f1460724-4d7f-4796-bca7-50bf1ab09811', NULL),
('L-2026-0084', N'New', N'Contacted', '2026-04-08 21:00:00', 'f1460724-4d7f-4796-bca7-50bf1ab09811', NULL),
('L-2026-0085', NULL, N'New', '2025-11-21 15:00:00', 'f1460724-4d7f-4796-bca7-50bf1ab09811', NULL),
('L-2026-0085', N'New', N'Qualified', '2025-11-24 20:00:00', 'f1460724-4d7f-4796-bca7-50bf1ab09811', NULL),
('L-2026-0085', N'Qualified', N'Proposal Sent', '2025-12-19 21:00:00', 'f1460724-4d7f-4796-bca7-50bf1ab09811', NULL),
('L-2026-0085', N'Proposal Sent', N'In Negotiation', '2025-12-23 00:00:00', 'f1460724-4d7f-4796-bca7-50bf1ab09811', NULL),
('L-2026-0085', N'In Negotiation', N'Lost', '2026-01-17 02:00:00', 'f1460724-4d7f-4796-bca7-50bf1ab09811', N'Lost-Competitor'),
('L-2026-0086', NULL, N'New', '2025-02-19 14:00:00', 'f1460724-4d7f-4796-bca7-50bf1ab09811', NULL),
('L-2026-0086', N'New', N'Qualified', '2025-03-05 16:00:00', 'f1460724-4d7f-4796-bca7-50bf1ab09811', NULL),
('L-2026-0086', N'Qualified', N'Proposal Sent', '2025-03-28 18:00:00', 'f1460724-4d7f-4796-bca7-50bf1ab09811', NULL),
('L-2026-0086', N'Proposal Sent', N'In Negotiation', '2025-04-27 23:00:00', 'f1460724-4d7f-4796-bca7-50bf1ab09811', NULL),
('L-2026-0086', N'In Negotiation', N'Won', '2025-05-14 03:00:00', 'f1460724-4d7f-4796-bca7-50bf1ab09811', NULL),
('L-2026-0087', NULL, N'New', '2026-02-02 10:00:00', 'aa512e88-565a-44bb-84f6-612ecc49e949', NULL),
('L-2026-0087', N'New', N'Contacted', '2026-02-10 13:00:00', 'aa512e88-565a-44bb-84f6-612ecc49e949', NULL),
('L-2026-0087', N'Contacted', N'Qualified', '2026-03-10 18:00:00', 'aa512e88-565a-44bb-84f6-612ecc49e949', NULL),
('L-2026-0087', N'Qualified', N'In Negotiation', '2026-04-03 20:00:00', 'aa512e88-565a-44bb-84f6-612ecc49e949', NULL),
('L-2026-0087', N'In Negotiation', N'Lost', '2026-04-24 21:00:00', 'aa512e88-565a-44bb-84f6-612ecc49e949', N'Lost-Price'),
('L-2026-0088', NULL, N'New', '2025-12-16 12:00:00', '45f0d7fa-7580-4d9e-98e2-495aa86f75c9', NULL),
('L-2026-0088', N'New', N'Contacted', '2026-01-03 16:00:00', '45f0d7fa-7580-4d9e-98e2-495aa86f75c9', NULL),
('L-2026-0088', N'Contacted', N'Proposal Sent', '2026-01-12 17:00:00', '45f0d7fa-7580-4d9e-98e2-495aa86f75c9', NULL),
('L-2026-0088', N'Proposal Sent', N'In Negotiation', '2026-02-03 19:00:00', '45f0d7fa-7580-4d9e-98e2-495aa86f75c9', NULL),
('L-2026-0088', N'In Negotiation', N'Lost', '2026-02-10 00:00:00', '45f0d7fa-7580-4d9e-98e2-495aa86f75c9', N'Lost-Price'),
('L-2026-0089', NULL, N'New', '2026-03-06 15:00:00', 'aa512e88-565a-44bb-84f6-612ecc49e949', NULL),
('L-2026-0089', N'New', N'Contacted', '2026-03-26 20:00:00', 'aa512e88-565a-44bb-84f6-612ecc49e949', NULL),
('L-2026-0090', NULL, N'New', '2025-11-21 13:00:00', 'd3e4851b-02e7-4bc3-86d8-cbd82d96c2e5', NULL),
('L-2026-0090', N'New', N'Contacted', '2025-12-20 16:00:00', 'd3e4851b-02e7-4bc3-86d8-cbd82d96c2e5', NULL),
('L-2026-0090', N'Contacted', N'Proposal Sent', '2025-12-23 18:00:00', 'd3e4851b-02e7-4bc3-86d8-cbd82d96c2e5', NULL),
('L-2026-0091', NULL, N'New', '2026-01-03 11:00:00', 'd3e4851b-02e7-4bc3-86d8-cbd82d96c2e5', NULL),
('L-2026-0091', N'New', N'Qualified', '2026-01-24 16:00:00', 'd3e4851b-02e7-4bc3-86d8-cbd82d96c2e5', NULL),
('L-2026-0091', N'Qualified', N'Proposal Sent', '2026-02-20 18:00:00', 'd3e4851b-02e7-4bc3-86d8-cbd82d96c2e5', NULL),
('L-2026-0091', N'Proposal Sent', N'In Negotiation', '2026-03-19 22:00:00', 'd3e4851b-02e7-4bc3-86d8-cbd82d96c2e5', NULL),
('L-2026-0091', N'In Negotiation', N'Won', '2026-04-06 00:00:00', 'd3e4851b-02e7-4bc3-86d8-cbd82d96c2e5', NULL),
('L-2026-0092', NULL, N'New', '2025-03-11 12:00:00', '45f0d7fa-7580-4d9e-98e2-495aa86f75c9', NULL),
('L-2026-0092', N'New', N'Qualified', '2025-04-06 14:00:00', '45f0d7fa-7580-4d9e-98e2-495aa86f75c9', NULL),
('L-2026-0092', N'Qualified', N'Proposal Sent', '2025-04-09 19:00:00', '45f0d7fa-7580-4d9e-98e2-495aa86f75c9', NULL),
('L-2026-0092', N'Proposal Sent', N'In Negotiation', '2025-04-16 00:00:00', '45f0d7fa-7580-4d9e-98e2-495aa86f75c9', NULL),
('L-2026-0092', N'In Negotiation', N'Won', '2025-05-04 04:00:00', '45f0d7fa-7580-4d9e-98e2-495aa86f75c9', NULL),
('L-2026-0093', NULL, N'New', '2025-08-31 16:00:00', '655612cb-fc04-4fa8-a2de-87a6a55d30c7', NULL),
('L-2026-0093', N'New', N'Contacted', '2025-09-14 18:00:00', '655612cb-fc04-4fa8-a2de-87a6a55d30c7', NULL),
('L-2026-0093', N'Contacted', N'Proposal Sent', '2025-09-19 20:00:00', '655612cb-fc04-4fa8-a2de-87a6a55d30c7', NULL),
('L-2026-0093', N'Proposal Sent', N'In Negotiation', '2025-09-23 22:00:00', '655612cb-fc04-4fa8-a2de-87a6a55d30c7', NULL),
('L-2026-0093', N'In Negotiation', N'Won', '2025-10-12 03:00:00', '655612cb-fc04-4fa8-a2de-87a6a55d30c7', NULL),
('L-2026-0094', NULL, N'New', '2026-02-05 09:00:00', '45f0d7fa-7580-4d9e-98e2-495aa86f75c9', NULL),
('L-2026-0094', N'New', N'Qualified', '2026-02-28 11:00:00', '45f0d7fa-7580-4d9e-98e2-495aa86f75c9', NULL),
('L-2026-0094', N'Qualified', N'Proposal Sent', '2026-03-02 13:00:00', '45f0d7fa-7580-4d9e-98e2-495aa86f75c9', NULL),
('L-2026-0095', NULL, N'New', '2025-07-12 14:00:00', 'f3f1ab23-29da-4ea3-8377-befc37b314f1', NULL),
('L-2026-0095', N'New', N'Qualified', '2025-08-09 16:00:00', 'f3f1ab23-29da-4ea3-8377-befc37b314f1', NULL),
('L-2026-0095', N'Qualified', N'Proposal Sent', '2025-08-24 17:00:00', 'f3f1ab23-29da-4ea3-8377-befc37b314f1', NULL),
('L-2026-0095', N'Proposal Sent', N'In Negotiation', '2025-09-03 22:00:00', 'f3f1ab23-29da-4ea3-8377-befc37b314f1', NULL),
('L-2026-0095', N'In Negotiation', N'Won', '2025-09-10 03:00:00', 'f3f1ab23-29da-4ea3-8377-befc37b314f1', NULL),
('L-2026-0096', NULL, N'New', '2026-02-04 16:00:00', 'f1460724-4d7f-4796-bca7-50bf1ab09811', NULL),
('L-2026-0096', N'New', N'Contacted', '2026-02-06 18:00:00', 'f1460724-4d7f-4796-bca7-50bf1ab09811', NULL),
('L-2026-0097', NULL, N'New', '2026-03-15 16:00:00', '45f0d7fa-7580-4d9e-98e2-495aa86f75c9', NULL),
('L-2026-0097', N'New', N'Qualified', '2026-04-07 19:00:00', '45f0d7fa-7580-4d9e-98e2-495aa86f75c9', NULL),
('L-2026-0098', NULL, N'New', '2024-11-09 10:00:00', 'd3e4851b-02e7-4bc3-86d8-cbd82d96c2e5', NULL),
('L-2026-0098', N'New', N'Proposal Sent', '2024-11-24 12:00:00', 'd3e4851b-02e7-4bc3-86d8-cbd82d96c2e5', NULL),
('L-2026-0098', N'Proposal Sent', N'In Negotiation', '2024-11-26 13:00:00', 'd3e4851b-02e7-4bc3-86d8-cbd82d96c2e5', NULL),
('L-2026-0098', N'In Negotiation', N'Won', '2024-12-23 16:00:00', 'd3e4851b-02e7-4bc3-86d8-cbd82d96c2e5', NULL),
('L-2026-0099', NULL, N'New', '2026-04-17 16:00:00', 'd3e4851b-02e7-4bc3-86d8-cbd82d96c2e5', NULL),
('L-2026-0100', NULL, N'New', '2026-01-29 08:00:00', 'aa512e88-565a-44bb-84f6-612ecc49e949', NULL),
('L-2026-0100', N'New', N'Contacted', '2026-02-02 09:00:00', 'aa512e88-565a-44bb-84f6-612ecc49e949', NULL),
('L-2026-0100', N'Contacted', N'Qualified', '2026-02-22 12:00:00', 'aa512e88-565a-44bb-84f6-612ecc49e949', NULL),
('L-2026-0101', NULL, N'New', '2024-11-30 09:00:00', '45f0d7fa-7580-4d9e-98e2-495aa86f75c9', NULL),
('L-2026-0101', N'New', N'Proposal Sent', '2024-12-04 10:00:00', '45f0d7fa-7580-4d9e-98e2-495aa86f75c9', NULL),
('L-2026-0101', N'Proposal Sent', N'In Negotiation', '2024-12-09 15:00:00', '45f0d7fa-7580-4d9e-98e2-495aa86f75c9', NULL),
('L-2026-0101', N'In Negotiation', N'Won', '2024-12-18 20:00:00', '45f0d7fa-7580-4d9e-98e2-495aa86f75c9', NULL),
('L-2026-0102', NULL, N'New', '2026-04-06 17:00:00', 'd3e4851b-02e7-4bc3-86d8-cbd82d96c2e5', NULL),
('L-2026-0102', N'New', N'Contacted', '2026-04-24 22:00:00', 'd3e4851b-02e7-4bc3-86d8-cbd82d96c2e5', NULL),
('L-2026-0103', NULL, N'New', '2025-06-19 11:00:00', 'f3f1ab23-29da-4ea3-8377-befc37b314f1', NULL),
('L-2026-0103', N'New', N'Contacted', '2025-06-26 13:00:00', 'f3f1ab23-29da-4ea3-8377-befc37b314f1', NULL),
('L-2026-0103', N'Contacted', N'Qualified', '2025-07-15 16:00:00', 'f3f1ab23-29da-4ea3-8377-befc37b314f1', NULL),
('L-2026-0103', N'Qualified', N'In Negotiation', '2025-08-14 21:00:00', 'f3f1ab23-29da-4ea3-8377-befc37b314f1', NULL),
('L-2026-0103', N'In Negotiation', N'Lost', '2025-08-17 01:00:00', 'f3f1ab23-29da-4ea3-8377-befc37b314f1', N'Lost-Price'),
('L-2026-0104', NULL, N'New', '2026-01-18 14:00:00', '45f0d7fa-7580-4d9e-98e2-495aa86f75c9', NULL),
('L-2026-0104', N'New', N'Contacted', '2026-02-04 19:00:00', '45f0d7fa-7580-4d9e-98e2-495aa86f75c9', NULL),
('L-2026-0104', N'Contacted', N'Qualified', '2026-02-07 00:00:00', '45f0d7fa-7580-4d9e-98e2-495aa86f75c9', NULL),
('L-2026-0105', NULL, N'New', '2025-06-26 17:00:00', 'f3f1ab23-29da-4ea3-8377-befc37b314f1', NULL),
('L-2026-0105', N'New', N'Contacted', '2025-07-07 21:00:00', 'f3f1ab23-29da-4ea3-8377-befc37b314f1', NULL),
('L-2026-0105', N'Contacted', N'Qualified', '2025-07-25 02:00:00', 'f3f1ab23-29da-4ea3-8377-befc37b314f1', NULL),
('L-2026-0105', N'Qualified', N'In Negotiation', '2025-08-14 03:00:00', 'f3f1ab23-29da-4ea3-8377-befc37b314f1', NULL),
('L-2026-0105', N'In Negotiation', N'Lost', '2025-09-03 05:00:00', 'f3f1ab23-29da-4ea3-8377-befc37b314f1', N'Lost-Price'),
('L-2026-0106', NULL, N'New', '2025-12-21 09:00:00', 'd3e4851b-02e7-4bc3-86d8-cbd82d96c2e5', NULL),
('L-2026-0106', N'New', N'Qualified', '2026-01-09 12:00:00', 'd3e4851b-02e7-4bc3-86d8-cbd82d96c2e5', NULL),
('L-2026-0107', NULL, N'New', '2025-04-20 12:00:00', 'f1460724-4d7f-4796-bca7-50bf1ab09811', NULL),
('L-2026-0107', N'New', N'Contacted', '2025-04-28 13:00:00', 'f1460724-4d7f-4796-bca7-50bf1ab09811', NULL),
('L-2026-0107', N'Contacted', N'Proposal Sent', '2025-05-16 16:00:00', 'f1460724-4d7f-4796-bca7-50bf1ab09811', NULL),
('L-2026-0107', N'Proposal Sent', N'In Negotiation', '2025-05-30 18:00:00', 'f1460724-4d7f-4796-bca7-50bf1ab09811', NULL),
('L-2026-0107', N'In Negotiation', N'Won', '2025-06-10 21:00:00', 'f1460724-4d7f-4796-bca7-50bf1ab09811', NULL),
('L-2026-0108', NULL, N'New', '2025-11-17 10:00:00', 'f1460724-4d7f-4796-bca7-50bf1ab09811', NULL),
('L-2026-0108', N'New', N'Contacted', '2025-12-13 15:00:00', 'f1460724-4d7f-4796-bca7-50bf1ab09811', NULL),
('L-2026-0108', N'Contacted', N'Proposal Sent', '2025-12-23 17:00:00', 'f1460724-4d7f-4796-bca7-50bf1ab09811', NULL),
('L-2026-0108', N'Proposal Sent', N'In Negotiation', '2026-01-07 19:00:00', 'f1460724-4d7f-4796-bca7-50bf1ab09811', NULL),
('L-2026-0108', N'In Negotiation', N'Won', '2026-01-11 22:00:00', 'f1460724-4d7f-4796-bca7-50bf1ab09811', NULL),
('L-2026-0109', NULL, N'New', '2025-12-22 15:00:00', 'f1460724-4d7f-4796-bca7-50bf1ab09811', NULL),
('L-2026-0109', N'New', N'Contacted', '2026-01-13 19:00:00', 'f1460724-4d7f-4796-bca7-50bf1ab09811', NULL),
('L-2026-0109', N'Contacted', N'Qualified', '2026-01-26 20:00:00', 'f1460724-4d7f-4796-bca7-50bf1ab09811', NULL),
('L-2026-0110', NULL, N'New', '2026-03-10 15:00:00', '655612cb-fc04-4fa8-a2de-87a6a55d30c7', NULL),
('L-2026-0110', N'New', N'Contacted', '2026-03-12 18:00:00', '655612cb-fc04-4fa8-a2de-87a6a55d30c7', NULL),
('L-2026-0110', N'Contacted', N'Qualified', '2026-04-05 23:00:00', '655612cb-fc04-4fa8-a2de-87a6a55d30c7', NULL),
('L-2026-0111', NULL, N'New', '2026-02-20 11:00:00', 'aa512e88-565a-44bb-84f6-612ecc49e949', NULL),
('L-2026-0111', N'New', N'Qualified', '2026-03-13 12:00:00', 'aa512e88-565a-44bb-84f6-612ecc49e949', NULL),
('L-2026-0112', NULL, N'New', '2025-08-06 12:00:00', 'd3e4851b-02e7-4bc3-86d8-cbd82d96c2e5', NULL),
('L-2026-0112', N'New', N'Contacted', '2025-09-01 17:00:00', 'd3e4851b-02e7-4bc3-86d8-cbd82d96c2e5', NULL),
('L-2026-0112', N'Contacted', N'Qualified', '2025-09-08 20:00:00', 'd3e4851b-02e7-4bc3-86d8-cbd82d96c2e5', NULL),
('L-2026-0112', N'Qualified', N'Proposal Sent', '2025-09-24 00:00:00', 'd3e4851b-02e7-4bc3-86d8-cbd82d96c2e5', NULL),
('L-2026-0112', N'Proposal Sent', N'In Negotiation', '2025-10-24 01:00:00', 'd3e4851b-02e7-4bc3-86d8-cbd82d96c2e5', NULL),
('L-2026-0112', N'In Negotiation', N'Lost', '2025-11-06 05:00:00', 'd3e4851b-02e7-4bc3-86d8-cbd82d96c2e5', N'Lost-No Budget'),
('L-2026-0113', NULL, N'New', '2024-12-06 11:00:00', 'f1460724-4d7f-4796-bca7-50bf1ab09811', NULL),
('L-2026-0113', N'New', N'Contacted', '2024-12-09 13:00:00', 'f1460724-4d7f-4796-bca7-50bf1ab09811', NULL),
('L-2026-0113', N'Contacted', N'Proposal Sent', '2024-12-12 17:00:00', 'f1460724-4d7f-4796-bca7-50bf1ab09811', NULL),
('L-2026-0113', N'Proposal Sent', N'In Negotiation', '2024-12-18 19:00:00', 'f1460724-4d7f-4796-bca7-50bf1ab09811', NULL),
('L-2026-0113', N'In Negotiation', N'Won', '2024-12-25 22:00:00', 'f1460724-4d7f-4796-bca7-50bf1ab09811', NULL),
('L-2026-0114', NULL, N'New', '2025-06-06 13:00:00', '45f0d7fa-7580-4d9e-98e2-495aa86f75c9', NULL),
('L-2026-0114', N'New', N'Contacted', '2025-06-20 16:00:00', '45f0d7fa-7580-4d9e-98e2-495aa86f75c9', NULL),
('L-2026-0114', N'Contacted', N'Qualified', '2025-06-26 17:00:00', '45f0d7fa-7580-4d9e-98e2-495aa86f75c9', NULL),
('L-2026-0114', N'Qualified', N'Proposal Sent', '2025-07-15 18:00:00', '45f0d7fa-7580-4d9e-98e2-495aa86f75c9', NULL),
('L-2026-0114', N'Proposal Sent', N'In Negotiation', '2025-08-01 23:00:00', '45f0d7fa-7580-4d9e-98e2-495aa86f75c9', NULL),
('L-2026-0114', N'In Negotiation', N'Lost', '2025-08-30 04:00:00', '45f0d7fa-7580-4d9e-98e2-495aa86f75c9', N'Lost-No Budget'),
('L-2026-0115', NULL, N'New', '2025-09-01 15:00:00', 'd3e4851b-02e7-4bc3-86d8-cbd82d96c2e5', NULL),
('L-2026-0115', N'New', N'Contacted', '2025-09-15 20:00:00', 'd3e4851b-02e7-4bc3-86d8-cbd82d96c2e5', NULL),
('L-2026-0115', N'Contacted', N'Qualified', '2025-09-29 23:00:00', 'd3e4851b-02e7-4bc3-86d8-cbd82d96c2e5', NULL),
('L-2026-0115', N'Qualified', N'In Negotiation', '2025-10-02 00:00:00', 'd3e4851b-02e7-4bc3-86d8-cbd82d96c2e5', NULL),
('L-2026-0115', N'In Negotiation', N'Lost', '2025-10-05 01:00:00', 'd3e4851b-02e7-4bc3-86d8-cbd82d96c2e5', N'Lost-No Budget'),
('L-2026-0116', NULL, N'New', '2024-12-10 12:00:00', '655612cb-fc04-4fa8-a2de-87a6a55d30c7', NULL),
('L-2026-0116', N'New', N'Proposal Sent', '2024-12-28 14:00:00', '655612cb-fc04-4fa8-a2de-87a6a55d30c7', NULL),
('L-2026-0116', N'Proposal Sent', N'In Negotiation', '2025-01-16 17:00:00', '655612cb-fc04-4fa8-a2de-87a6a55d30c7', NULL),
('L-2026-0116', N'In Negotiation', N'Won', '2025-02-04 21:00:00', '655612cb-fc04-4fa8-a2de-87a6a55d30c7', NULL),
('L-2026-0117', NULL, N'New', '2026-01-31 15:00:00', 'd3e4851b-02e7-4bc3-86d8-cbd82d96c2e5', NULL),
('L-2026-0117', N'New', N'Contacted', '2026-02-27 16:00:00', 'd3e4851b-02e7-4bc3-86d8-cbd82d96c2e5', NULL),
('L-2026-0118', NULL, N'New', '2025-07-15 08:00:00', 'f1460724-4d7f-4796-bca7-50bf1ab09811', NULL),
('L-2026-0118', N'New', N'Qualified', '2025-07-23 10:00:00', 'f1460724-4d7f-4796-bca7-50bf1ab09811', NULL),
('L-2026-0118', N'Qualified', N'Proposal Sent', '2025-08-18 15:00:00', 'f1460724-4d7f-4796-bca7-50bf1ab09811', NULL),
('L-2026-0118', N'Proposal Sent', N'In Negotiation', '2025-09-09 16:00:00', 'f1460724-4d7f-4796-bca7-50bf1ab09811', NULL),
('L-2026-0118', N'In Negotiation', N'Won', '2025-09-18 20:00:00', 'f1460724-4d7f-4796-bca7-50bf1ab09811', NULL),
('L-2026-0119', NULL, N'New', '2025-10-09 13:00:00', 'd3e4851b-02e7-4bc3-86d8-cbd82d96c2e5', NULL),
('L-2026-0119', N'New', N'Qualified', '2025-11-04 17:00:00', 'd3e4851b-02e7-4bc3-86d8-cbd82d96c2e5', NULL),
('L-2026-0119', N'Qualified', N'Proposal Sent', '2025-12-03 21:00:00', 'd3e4851b-02e7-4bc3-86d8-cbd82d96c2e5', NULL),
('L-2026-0119', N'Proposal Sent', N'In Negotiation', '2026-01-03 02:00:00', 'd3e4851b-02e7-4bc3-86d8-cbd82d96c2e5', NULL),
('L-2026-0119', N'In Negotiation', N'Won', '2026-01-30 07:00:00', 'd3e4851b-02e7-4bc3-86d8-cbd82d96c2e5', NULL),
('L-2026-0120', NULL, N'New', '2025-10-07 15:00:00', '45f0d7fa-7580-4d9e-98e2-495aa86f75c9', NULL),
('L-2026-0120', N'New', N'Contacted', '2025-10-31 20:00:00', '45f0d7fa-7580-4d9e-98e2-495aa86f75c9', NULL),
('L-2026-0120', N'Contacted', N'Qualified', '2025-11-21 01:00:00', '45f0d7fa-7580-4d9e-98e2-495aa86f75c9', NULL),
('L-2026-0120', N'Qualified', N'In Negotiation', '2025-12-20 05:00:00', '45f0d7fa-7580-4d9e-98e2-495aa86f75c9', NULL),
('L-2026-0120', N'In Negotiation', N'Lost', '2026-01-12 06:00:00', '45f0d7fa-7580-4d9e-98e2-495aa86f75c9', N'Lost-No Decision'),
('L-2026-0121', NULL, N'New', '2026-01-20 14:00:00', 'f1460724-4d7f-4796-bca7-50bf1ab09811', NULL),
('L-2026-0121', N'New', N'Contacted', '2026-02-12 15:00:00', 'f1460724-4d7f-4796-bca7-50bf1ab09811', NULL),
('L-2026-0121', N'Contacted', N'Qualified', '2026-03-09 18:00:00', 'f1460724-4d7f-4796-bca7-50bf1ab09811', NULL),
('L-2026-0122', NULL, N'New', '2025-04-02 11:00:00', 'aa512e88-565a-44bb-84f6-612ecc49e949', NULL),
('L-2026-0122', N'New', N'Contacted', '2025-04-21 13:00:00', 'aa512e88-565a-44bb-84f6-612ecc49e949', NULL),
('L-2026-0122', N'Contacted', N'Proposal Sent', '2025-05-13 14:00:00', 'aa512e88-565a-44bb-84f6-612ecc49e949', NULL),
('L-2026-0122', N'Proposal Sent', N'In Negotiation', '2025-05-17 19:00:00', 'aa512e88-565a-44bb-84f6-612ecc49e949', NULL),
('L-2026-0122', N'In Negotiation', N'Lost', '2025-05-24 20:00:00', 'aa512e88-565a-44bb-84f6-612ecc49e949', N'Lost-Competitor'),
('L-2026-0123', NULL, N'New', '2025-09-30 11:00:00', '655612cb-fc04-4fa8-a2de-87a6a55d30c7', NULL),
('L-2026-0123', N'New', N'Contacted', '2025-10-07 14:00:00', '655612cb-fc04-4fa8-a2de-87a6a55d30c7', NULL),
('L-2026-0123', N'Contacted', N'Proposal Sent', '2025-10-19 16:00:00', '655612cb-fc04-4fa8-a2de-87a6a55d30c7', NULL),
('L-2026-0123', N'Proposal Sent', N'In Negotiation', '2025-11-14 21:00:00', '655612cb-fc04-4fa8-a2de-87a6a55d30c7', NULL),
('L-2026-0123', N'In Negotiation', N'Disqualified', '2025-12-09 01:00:00', '655612cb-fc04-4fa8-a2de-87a6a55d30c7', NULL),
('L-2026-0124', NULL, N'New', '2025-10-15 08:00:00', 'aa512e88-565a-44bb-84f6-612ecc49e949', NULL),
('L-2026-0124', N'New', N'Qualified', '2025-11-07 13:00:00', 'aa512e88-565a-44bb-84f6-612ecc49e949', NULL),
('L-2026-0124', N'Qualified', N'Proposal Sent', '2025-11-27 18:00:00', 'aa512e88-565a-44bb-84f6-612ecc49e949', NULL),
('L-2026-0124', N'Proposal Sent', N'In Negotiation', '2025-12-27 19:00:00', 'aa512e88-565a-44bb-84f6-612ecc49e949', NULL),
('L-2026-0124', N'In Negotiation', N'Disqualified', '2026-01-03 21:00:00', 'aa512e88-565a-44bb-84f6-612ecc49e949', NULL),
('L-2026-0125', NULL, N'New', '2026-01-25 13:00:00', '655612cb-fc04-4fa8-a2de-87a6a55d30c7', NULL),
('L-2026-0125', N'New', N'Contacted', '2026-02-16 18:00:00', '655612cb-fc04-4fa8-a2de-87a6a55d30c7', NULL),
('L-2026-0126', NULL, N'New', '2025-12-09 15:00:00', '655612cb-fc04-4fa8-a2de-87a6a55d30c7', NULL),
('L-2026-0126', N'New', N'Qualified', '2026-01-07 18:00:00', '655612cb-fc04-4fa8-a2de-87a6a55d30c7', NULL),
('L-2026-0126', N'Qualified', N'Proposal Sent', '2026-01-22 19:00:00', '655612cb-fc04-4fa8-a2de-87a6a55d30c7', NULL),
('L-2026-0126', N'Proposal Sent', N'In Negotiation', '2026-02-15 00:00:00', '655612cb-fc04-4fa8-a2de-87a6a55d30c7', NULL),
('L-2026-0126', N'In Negotiation', N'Lost', '2026-03-04 03:00:00', '655612cb-fc04-4fa8-a2de-87a6a55d30c7', N'Lost-Competitor'),
('L-2026-0127', NULL, N'New', '2026-03-04 15:00:00', 'f1460724-4d7f-4796-bca7-50bf1ab09811', NULL),
('L-2026-0127', N'New', N'Contacted', '2026-03-07 20:00:00', 'f1460724-4d7f-4796-bca7-50bf1ab09811', NULL),
('L-2026-0127', N'Contacted', N'Proposal Sent', '2026-03-29 00:00:00', 'f1460724-4d7f-4796-bca7-50bf1ab09811', NULL),
('L-2026-0128', NULL, N'New', '2026-03-17 14:00:00', 'f1460724-4d7f-4796-bca7-50bf1ab09811', NULL),
('L-2026-0128', N'New', N'Contacted', '2026-04-02 19:00:00', 'f1460724-4d7f-4796-bca7-50bf1ab09811', NULL),
('L-2026-0128', N'Contacted', N'Qualified', '2026-04-09 21:00:00', 'f1460724-4d7f-4796-bca7-50bf1ab09811', NULL),
('L-2026-0129', NULL, N'New', '2026-01-11 12:00:00', '45f0d7fa-7580-4d9e-98e2-495aa86f75c9', NULL),
('L-2026-0129', N'New', N'Contacted', '2026-02-09 16:00:00', '45f0d7fa-7580-4d9e-98e2-495aa86f75c9', NULL),
('L-2026-0129', N'Contacted', N'Qualified', '2026-03-08 17:00:00', '45f0d7fa-7580-4d9e-98e2-495aa86f75c9', NULL),
('L-2026-0130', NULL, N'New', '2025-10-27 08:00:00', 'f1460724-4d7f-4796-bca7-50bf1ab09811', NULL),
('L-2026-0130', N'New', N'Qualified', '2025-10-30 11:00:00', 'f1460724-4d7f-4796-bca7-50bf1ab09811', NULL),
('L-2026-0130', N'Qualified', N'Proposal Sent', '2025-11-20 16:00:00', 'f1460724-4d7f-4796-bca7-50bf1ab09811', NULL),
('L-2026-0130', N'Proposal Sent', N'In Negotiation', '2025-11-29 18:00:00', 'f1460724-4d7f-4796-bca7-50bf1ab09811', NULL),
('L-2026-0130', N'In Negotiation', N'Lost', '2025-12-20 22:00:00', 'f1460724-4d7f-4796-bca7-50bf1ab09811', N'Lost-Product Fit'),
('L-2026-0131', NULL, N'New', '2026-01-31 08:00:00', '45f0d7fa-7580-4d9e-98e2-495aa86f75c9', NULL),
('L-2026-0131', N'New', N'Qualified', '2026-02-21 13:00:00', '45f0d7fa-7580-4d9e-98e2-495aa86f75c9', NULL),
('L-2026-0132', NULL, N'New', '2025-10-13 08:00:00', '45f0d7fa-7580-4d9e-98e2-495aa86f75c9', NULL),
('L-2026-0132', N'New', N'Qualified', '2025-11-06 10:00:00', '45f0d7fa-7580-4d9e-98e2-495aa86f75c9', NULL),
('L-2026-0132', N'Qualified', N'Proposal Sent', '2025-11-16 13:00:00', '45f0d7fa-7580-4d9e-98e2-495aa86f75c9', NULL),
('L-2026-0132', N'Proposal Sent', N'In Negotiation', '2025-12-10 14:00:00', '45f0d7fa-7580-4d9e-98e2-495aa86f75c9', NULL),
('L-2026-0132', N'In Negotiation', N'Lost', '2025-12-22 18:00:00', '45f0d7fa-7580-4d9e-98e2-495aa86f75c9', N'Lost-Price'),
('L-2026-0133', NULL, N'New', '2025-09-09 16:00:00', 'd3e4851b-02e7-4bc3-86d8-cbd82d96c2e5', NULL),
('L-2026-0133', N'New', N'Proposal Sent', '2025-10-03 20:00:00', 'd3e4851b-02e7-4bc3-86d8-cbd82d96c2e5', NULL),
('L-2026-0133', N'Proposal Sent', N'In Negotiation', '2025-10-11 01:00:00', 'd3e4851b-02e7-4bc3-86d8-cbd82d96c2e5', NULL),
('L-2026-0133', N'In Negotiation', N'Won', '2025-11-03 05:00:00', 'd3e4851b-02e7-4bc3-86d8-cbd82d96c2e5', NULL),
('L-2026-0134', NULL, N'New', '2025-12-22 16:00:00', 'f3f1ab23-29da-4ea3-8377-befc37b314f1', NULL),
('L-2026-0134', N'New', N'Qualified', '2026-01-05 20:00:00', 'f3f1ab23-29da-4ea3-8377-befc37b314f1', NULL),
('L-2026-0134', N'Qualified', N'In Negotiation', '2026-02-04 00:00:00', 'f3f1ab23-29da-4ea3-8377-befc37b314f1', NULL),
('L-2026-0135', NULL, N'New', '2025-10-28 13:00:00', '45f0d7fa-7580-4d9e-98e2-495aa86f75c9', NULL),
('L-2026-0135', N'New', N'Proposal Sent', '2025-11-13 17:00:00', '45f0d7fa-7580-4d9e-98e2-495aa86f75c9', NULL),
('L-2026-0135', N'Proposal Sent', N'In Negotiation', '2025-12-01 21:00:00', '45f0d7fa-7580-4d9e-98e2-495aa86f75c9', NULL),
('L-2026-0135', N'In Negotiation', N'Won', '2025-12-30 00:00:00', '45f0d7fa-7580-4d9e-98e2-495aa86f75c9', NULL),
('L-2026-0136', NULL, N'New', '2025-08-18 08:00:00', '45f0d7fa-7580-4d9e-98e2-495aa86f75c9', NULL),
('L-2026-0136', N'New', N'Qualified', '2025-09-16 12:00:00', '45f0d7fa-7580-4d9e-98e2-495aa86f75c9', NULL),
('L-2026-0136', N'Qualified', N'In Negotiation', '2025-09-18 13:00:00', '45f0d7fa-7580-4d9e-98e2-495aa86f75c9', NULL),
('L-2026-0136', N'In Negotiation', N'Lost', '2025-09-26 15:00:00', '45f0d7fa-7580-4d9e-98e2-495aa86f75c9', N'Lost-Price'),
('L-2026-0137', NULL, N'New', '2026-01-25 16:00:00', 'f1460724-4d7f-4796-bca7-50bf1ab09811', NULL),
('L-2026-0137', N'New', N'Qualified', '2026-02-19 17:00:00', 'f1460724-4d7f-4796-bca7-50bf1ab09811', NULL),
('L-2026-0137', N'Qualified', N'Proposal Sent', '2026-03-08 21:00:00', 'f1460724-4d7f-4796-bca7-50bf1ab09811', NULL),
('L-2026-0137', N'Proposal Sent', N'In Negotiation', '2026-03-24 02:00:00', 'f1460724-4d7f-4796-bca7-50bf1ab09811', NULL),
('L-2026-0137', N'In Negotiation', N'Disqualified', '2026-04-14 07:00:00', 'f1460724-4d7f-4796-bca7-50bf1ab09811', NULL),
('L-2026-0138', NULL, N'New', '2026-03-30 14:00:00', 'f3f1ab23-29da-4ea3-8377-befc37b314f1', NULL),
('L-2026-0139', NULL, N'New', '2026-02-09 10:00:00', '655612cb-fc04-4fa8-a2de-87a6a55d30c7', NULL),
('L-2026-0139', N'New', N'Contacted', '2026-02-24 14:00:00', '655612cb-fc04-4fa8-a2de-87a6a55d30c7', NULL),
('L-2026-0140', NULL, N'New', '2025-04-16 12:00:00', 'f1460724-4d7f-4796-bca7-50bf1ab09811', NULL),
('L-2026-0140', N'New', N'Qualified', '2025-04-20 16:00:00', 'f1460724-4d7f-4796-bca7-50bf1ab09811', NULL),
('L-2026-0140', N'Qualified', N'Proposal Sent', '2025-05-18 18:00:00', 'f1460724-4d7f-4796-bca7-50bf1ab09811', NULL),
('L-2026-0140', N'Proposal Sent', N'In Negotiation', '2025-05-27 20:00:00', 'f1460724-4d7f-4796-bca7-50bf1ab09811', NULL),
('L-2026-0140', N'In Negotiation', N'Won', '2025-06-06 23:00:00', 'f1460724-4d7f-4796-bca7-50bf1ab09811', NULL),
('L-2026-0141', NULL, N'New', '2026-04-18 16:00:00', 'aa512e88-565a-44bb-84f6-612ecc49e949', NULL),
('L-2026-0142', NULL, N'New', '2025-08-26 17:00:00', '655612cb-fc04-4fa8-a2de-87a6a55d30c7', NULL),
('L-2026-0142', N'New', N'Qualified', '2025-09-06 19:00:00', '655612cb-fc04-4fa8-a2de-87a6a55d30c7', NULL),
('L-2026-0142', N'Qualified', N'Proposal Sent', '2025-10-01 00:00:00', '655612cb-fc04-4fa8-a2de-87a6a55d30c7', NULL),
('L-2026-0142', N'Proposal Sent', N'In Negotiation', '2025-10-31 01:00:00', '655612cb-fc04-4fa8-a2de-87a6a55d30c7', NULL),
('L-2026-0142', N'In Negotiation', N'Won', '2025-11-12 05:00:00', '655612cb-fc04-4fa8-a2de-87a6a55d30c7', NULL),
('L-2026-0143', NULL, N'New', '2025-02-18 09:00:00', 'd3e4851b-02e7-4bc3-86d8-cbd82d96c2e5', NULL),
('L-2026-0143', N'New', N'Proposal Sent', '2025-03-19 12:00:00', 'd3e4851b-02e7-4bc3-86d8-cbd82d96c2e5', NULL),
('L-2026-0143', N'Proposal Sent', N'In Negotiation', '2025-04-14 14:00:00', 'd3e4851b-02e7-4bc3-86d8-cbd82d96c2e5', NULL),
('L-2026-0143', N'In Negotiation', N'Won', '2025-04-17 18:00:00', 'd3e4851b-02e7-4bc3-86d8-cbd82d96c2e5', NULL),
('L-2026-0144', NULL, N'New', '2025-10-15 14:00:00', 'd3e4851b-02e7-4bc3-86d8-cbd82d96c2e5', NULL),
('L-2026-0144', N'New', N'Contacted', '2025-11-02 17:00:00', 'd3e4851b-02e7-4bc3-86d8-cbd82d96c2e5', NULL),
('L-2026-0144', N'Contacted', N'Qualified', '2025-11-09 22:00:00', 'd3e4851b-02e7-4bc3-86d8-cbd82d96c2e5', NULL),
('L-2026-0144', N'Qualified', N'Proposal Sent', '2025-12-05 02:00:00', 'd3e4851b-02e7-4bc3-86d8-cbd82d96c2e5', NULL),
('L-2026-0144', N'Proposal Sent', N'In Negotiation', '2025-12-17 07:00:00', 'd3e4851b-02e7-4bc3-86d8-cbd82d96c2e5', NULL),
('L-2026-0144', N'In Negotiation', N'Won', '2025-12-23 12:00:00', 'd3e4851b-02e7-4bc3-86d8-cbd82d96c2e5', NULL),
('L-2026-0145', NULL, N'New', '2025-08-27 09:00:00', 'aa512e88-565a-44bb-84f6-612ecc49e949', NULL),
('L-2026-0145', N'New', N'Contacted', '2025-09-14 11:00:00', 'aa512e88-565a-44bb-84f6-612ecc49e949', NULL),
('L-2026-0145', N'Contacted', N'Qualified', '2025-10-01 12:00:00', 'aa512e88-565a-44bb-84f6-612ecc49e949', NULL),
('L-2026-0145', N'Qualified', N'In Negotiation', '2025-10-15 14:00:00', 'aa512e88-565a-44bb-84f6-612ecc49e949', NULL),
('L-2026-0145', N'In Negotiation', N'Lost', '2025-10-21 15:00:00', 'aa512e88-565a-44bb-84f6-612ecc49e949', N'Lost-No Decision'),
('L-2026-0146', NULL, N'New', '2025-11-04 14:00:00', '45f0d7fa-7580-4d9e-98e2-495aa86f75c9', NULL),
('L-2026-0146', N'New', N'Qualified', '2025-11-20 16:00:00', '45f0d7fa-7580-4d9e-98e2-495aa86f75c9', NULL),
('L-2026-0146', N'Qualified', N'Proposal Sent', '2025-12-13 19:00:00', '45f0d7fa-7580-4d9e-98e2-495aa86f75c9', NULL),
('L-2026-0146', N'Proposal Sent', N'In Negotiation', '2026-01-09 21:00:00', '45f0d7fa-7580-4d9e-98e2-495aa86f75c9', NULL),
('L-2026-0147', NULL, N'New', '2025-01-22 11:00:00', 'd3e4851b-02e7-4bc3-86d8-cbd82d96c2e5', NULL),
('L-2026-0147', N'New', N'Qualified', '2025-02-05 16:00:00', 'd3e4851b-02e7-4bc3-86d8-cbd82d96c2e5', NULL),
('L-2026-0147', N'Qualified', N'Proposal Sent', '2025-02-07 17:00:00', 'd3e4851b-02e7-4bc3-86d8-cbd82d96c2e5', NULL),
('L-2026-0147', N'Proposal Sent', N'In Negotiation', '2025-03-05 18:00:00', 'd3e4851b-02e7-4bc3-86d8-cbd82d96c2e5', NULL),
('L-2026-0147', N'In Negotiation', N'Won', '2025-03-23 20:00:00', 'd3e4851b-02e7-4bc3-86d8-cbd82d96c2e5', NULL),
('L-2026-0148', NULL, N'New', '2026-01-24 17:00:00', 'f3f1ab23-29da-4ea3-8377-befc37b314f1', NULL),
('L-2026-0148', N'New', N'Qualified', '2026-01-28 18:00:00', 'f3f1ab23-29da-4ea3-8377-befc37b314f1', NULL),
('L-2026-0148', N'Qualified', N'Proposal Sent', '2026-02-22 20:00:00', 'f3f1ab23-29da-4ea3-8377-befc37b314f1', NULL),
('L-2026-0149', NULL, N'New', '2025-05-23 12:00:00', '45f0d7fa-7580-4d9e-98e2-495aa86f75c9', NULL),
('L-2026-0149', N'New', N'Contacted', '2025-06-21 15:00:00', '45f0d7fa-7580-4d9e-98e2-495aa86f75c9', NULL),
('L-2026-0149', N'Contacted', N'Proposal Sent', '2025-07-10 19:00:00', '45f0d7fa-7580-4d9e-98e2-495aa86f75c9', NULL),
('L-2026-0149', N'Proposal Sent', N'In Negotiation', '2025-07-30 20:00:00', '45f0d7fa-7580-4d9e-98e2-495aa86f75c9', NULL),
('L-2026-0149', N'In Negotiation', N'Lost', '2025-08-07 23:00:00', '45f0d7fa-7580-4d9e-98e2-495aa86f75c9', N'Lost-No Budget'),
('L-2026-0150', NULL, N'New', '2025-09-15 10:00:00', 'aa512e88-565a-44bb-84f6-612ecc49e949', NULL),
('L-2026-0150', N'New', N'Contacted', '2025-09-21 15:00:00', 'aa512e88-565a-44bb-84f6-612ecc49e949', NULL),
('L-2026-0150', N'Contacted', N'Proposal Sent', '2025-10-21 20:00:00', 'aa512e88-565a-44bb-84f6-612ecc49e949', NULL),
('L-2026-0150', N'Proposal Sent', N'In Negotiation', '2025-10-24 01:00:00', 'aa512e88-565a-44bb-84f6-612ecc49e949', NULL),
('L-2026-0150', N'In Negotiation', N'Lost', '2025-11-22 04:00:00', 'aa512e88-565a-44bb-84f6-612ecc49e949', N'Lost-No Budget');
GO